{"file_hashes":[{"block_hashes":["E6ZoK6nrPPRSBI8Zdo54OP2ebG+izmYvHz6QYamrwMY="],"block_size":4096,"path":"background.html"},{"block_hashes":["+unL/GPbodDfT0g7o39FFmO5gsdgRISKe9534IuWKLM=","PoagZXKkUsex3TXIMqhre35UmBCF6XIwF6HsJzUHI10="],"block_size":4096,"path":"background.js"},{"block_hashes":["smxFRXlcPW+T1+1CWQGgJe4QnNpeLQLWSsPZyhn1Ac8="],"block_size":4096,"path":"checkload.js"},{"block_hashes":["47DEQpj8HBSa+/TImW+5JCeuQeRkm5NMpJWZG3hSuFU="],"block_size":4096,"path":"content_script.js"}],"version":2}