{"file_hashes":[{"block_hashes":["N0K9SsCyDIVN9ifZd8k/RC4wyBXeGxTAjj2IBTNtTMI="],"block_size":4096,"path":"about.html"},{"block_hashes":["EiyTnXU/9V0FH4IE5aogvA01qNylbX3Ik1egp2LsV6g="],"block_size":4096,"path":"buyvip.html"},{"block_hashes":["bgqgoieat4dK9/x4uOaubU4wi3xDmnah6jizsj5qP7c=","ITBI06Dsrwtle82uH2tWzs/vzQiK837mXORmzz+g5nQ=","7hU9QN00XZ54XYPeKY0rKgEPxaA9ETwGSQxLD2y9QxM=","ziiJdvomi0QrEy3qQzd1xVrk6XjXDJH0dPh+2jJJ6yI=","dadVHEVvBz1oFHduZXYq6jI5pXQGmysQyZ6nlcY0dEk=","sIjL0HpM+OhQuPKSU+Mw9dGeDtDfNiw0wq0KawkR2w4=","T143bsa8M5sR7UmKMGwcrk2gSnXaS7/ko6CwQxUWdGI=","GjUvzpI6OPoz5NWwxQ3Mvs/pz1pVnRh509iKsMbBWdA=","nOpnBd0Sr2kkG6rvHTVd/xuP9OdUedrmcjAPEdYmuwE=","ku+s625CuU3YHrw20mEPsV4XN6PVe9JkgJt3lQX1EBQ=","PzF3DWUMYl2anCBfwNjLH6NCrWI/jmmlA4KfXy67gZQ=","8RGMv+a+ey7Lbh6q25MxIpKBHn20AmDHr8EL+wXTvvM=","y882RAKq/h8YVSoywV9qS2TvXEvPn/Ewz73XkpTao24=","HrpxYhFnYo5lMWRzK2hhrJfHVQlNm3nxGtfaKjqg1P4=","67JM1MGJV5x8okOXk6TqkcE4HS6r8wilGhuCllQql+Q=","gQCXxUCegrCmkCMjebGzVkmiix+vthqlgR/BuJbaFc0=","QOKxsCry5ksXvbQP2K8orone1GMCPgQ0mWMmYoLx0Lc=","O2Uu1NmJ1B/kvicynikBTnQxIQYqASr0sheMAInCqpI=","A6Tc7opv1CFr5ivdqTJh44TJ992DQhco9TWlH1jM6AU="],"block_size":4096,"path":"css/animate.min.css"},{"block_hashes":["xCCiqoMWIucckzjQRVNfDqMnAsUxJPgHzYs1pOJddGs="],"block_size":4096,"path":"css/base.css"},{"block_hashes":["lIJ9QVNW/fj8hH6KyTJsrjbhhEV4SQ5i1zBpqICavg0="],"block_size":4096,"path":"css/common.css"},{"block_hashes":["/yU2egTyYTVN3Q5+sIzXdLk/UZbeKB/uSyTRSVNFPzs=","b29VQ6eE4L/dN1hhBrWXbbK6SDMFK8sWxXHgd37JOh0=","5rv685t1SQWueUqBJMAmkpFTHlVPzy/pSgpBHca/IMw=","+u1DGkTgrB/FAVCxLHDX9BYXNlcl9UA0wbv078I2TV4=","RiQA9OrOwZ6mD/PqBLxdwfXTRE1Z1Y1sinksg4KULO0=","f25UQZQeffr0wlPogB/crT97iBhQHLVXdBxJok1x61U="],"block_size":4096,"path":"css/css.css"},{"block_hashes":["oE+VeNN86Rd2sewHfO7KvNXD2UHhD9CdRGQ7pttFgdg="],"block_size":4096,"path":"css/igg_install.css"},{"block_hashes":["JYOBWLQ3gB5hOpx3D5ZIdrVzV9cJzd251pgX8UQwVtg="],"block_size":4096,"path":"css/iguge_tpl.css"},{"block_hashes":["bkU3PEoBrviLO2ZglX1hZzB+7kXgyclfArqkx+O+ZB0="],"block_size":4096,"path":"css/loading.css"},{"block_hashes":["kvgG7BEj2pR38gNDI0o0NvShaSByhG5F3UzQ0Yg8Xjo="],"block_size":4096,"path":"css/reset.css"},{"block_hashes":["i/DoBL+kwBvwzM6XUJjuYjakp+mBXHpumfDB9tXJr/U="],"block_size":4096,"path":"favicon.ico"},{"block_hashes":["rNtv0ViamfO2EyRgWCc4H5XnqduE8EkBTpiftFyxAYA="],"block_size":4096,"path":"helper/bypassdomain.html"},{"block_hashes":["/wTTXS6kjGJaB8V67v5wkUOgX54/KYnApOe0w+l7cNo="],"block_size":4096,"path":"helper/ff_tips.html"},{"block_hashes":["cBmm20atcdS2zGJ+Mvt6cJPGL/RYo4dknNYdhrOEjOU="],"block_size":4096,"path":"helper/img/menu_1.png"},{"block_hashes":["wv7njTPhjbgdLGNmLVUw2IgQ9DUGyoCvSMcc6O7HsS4="],"block_size":4096,"path":"helper/img/menu_2.png"},{"block_hashes":["A6eHtzHvb9fK3LWxRZwAWFIPbPr5jC9TnF5sClaP5hQ=","mWM915mR/BtN3oSD/fzw/BLZqpbQmoHN1QaWcuvbPJc=","DhtkM7ysR0N0nAVofyxmfIwLEUlEi8gbSABUPLRlKHk=","/0T3DqbO7DbR68T1vpDJ9mSVaUM3y1uP/LpWwrHkv5M=","ZMzItqPLhSzX+jMvITdwQ667b5iBv/hYDo6LZXDwjRQ=","RC+W3d0EXUO2GH9vvOmggH9crZ5S5zv5QOW9wjUM7n4=","vynN9+JzmPVb8ekNw+Jd+fmXwHJZOXspZoP6rlR9kDw=","6gkJfPe3I9PmrjB3YEJllT/Y640X96W4OuM7OzwAyM8=","tes7hisS5+/QWzFK6mnyVSXSqpluzbPzuBuWRqMQO98=","XiDCVBVnrg2Zul7+JKd0qRVRoBv4O5QXww9/H1rIJ7E=","ZcEK/+Ohuh0tod4M67Xc0yED85PfHJ8hkUjpjsgZsj8=","aMLJaXoBRAVGxF4rgRDwloo09yZA9Cl2Qfj+LTyQ/gE=","9TUhdLXq7pDFTCrWyd86yU4lsQy2Saq3zivSbW44tiw=","WDxrYw7i12p5kIwU6/WlG+y+v3tkOIPuN9zT47XvMI4=","wZim3zqi1Mhzsu8rF0JMKn4OMDL2zr3Em6a0g0WGzi8=","j8hGlw48VNMxPTvl2zNSxp0K0p4A30zIJxImhEAbVYA=","7M6IhjowHWIZLCC/+sifM+DkZjjHxPFFe1yKuOXQCTg=","OfHYstSyZ+o9nN1H2YpJBCbL2unEL9AxZH2SgWQOZpE=","/JQquqYCXMCzD6yy/G/OdIvlyofnRGmn8r27rh/4HCw=","7VKepMTffqeXn9uCb0FtGuBZEqyL3wofEnCcRAveI3k=","KG9mC4Q2cTC/zm/9rCDSNUgHrdOFaFgKzdppgJF2etg=","nA4hhrVXDGpyu+HsJiNHxsDrz42w/EcubPWv9SXuLDs=","plhtnnjJ5kLhzxs84mgx8eySoVPM/hEcZVI6KBhZpuo=","3970Ztj35bZlj5Dhcz9GLHNjNm+bx0azRxxWkPxIyAg=","89aXJKqYuCcLBmC+PTMKouQtEGlkZp9OHNgB9fNE8+Y=","AXoH6vrNwKThLN4C0cg+C+aa4W2ZjFpUJ7AVassJtlI=","1PLPpXxGhLQ6CQfdnv2UHYQWztHXxku6kECbL3Ygwr4=","wSmzCra+H9pocruFiGsRmLZscH8Y7ifev0x9q49B72E=","Y3/s0iciGcLszZdk9arQLScpRqkoTsvr2cpMdJqVNIE=","NRNCFHSqFW6Rs0TgfliX0cDW4nzwEb0KquMhb8njgYg=","gan7wL3LWeaiGxvdjtol2mU/Zehmcfs+W9+6VliXWAQ=","8uWOSGKhdzfV+wX2wtxqh/kgcfPeG1nb1A4amqXgPbc=","s39JEDZrNxD6z5BxkFQ/+gvuYssN5Ad8MoBrMeRiyXM=","NkNddEJw3feJ+eJh8qJep38adhdfPPO1XvGyAX09ihQ="],"block_size":4096,"path":"helper/img/set_scr.png"},{"block_hashes":["8fZ7wGbZYLAFoe7/kuYlFKKKI0ZQYVlnhmHtDZxlQDA=","zP3//FroVyJx4CYAAFzcw4ZHVuYGq1ekXAs8v5pRabs="],"block_size":4096,"path":"helper/js/bypassdomain.js"},{"block_hashes":["V+hwybAm1t6PBF3jgZ8Pz4KX4xWKPeqRY2WH/ZXu92I=","JFKBE7FoEnmU4RysEt0A8Yc9QGnc0lVuxwssQ31XJQo=","wIq5nT13ZlnYIO1EquWXRnWzyfR0nAXb/kHt4u/WLhs="],"block_size":4096,"path":"helper/js/payment.js"},{"block_hashes":["gISjRkpgCLxWlDPgpN68n4MjyWxiEO6PHBk8GwIIllg=","0mC29gK4QUSHNSfSexz1vTjfveJ11Dpn06g+PjXJJMQ="],"block_size":4096,"path":"helper/js/proxydomain.js"},{"block_hashes":["/CT1hMBOJ66yzl9wrsGl3O1cTjL0mBj1T4WJ+Hlcj0s="],"block_size":4096,"path":"helper/js/systemdomain.js"},{"block_hashes":["ezWiFF06la7eBUso70AlpzVQmJ8OUG8gJDGt6Rvqrds="],"block_size":4096,"path":"helper/js/tracket.js"},{"block_hashes":["XERLYLmtvQ6NrpSsdA/+/mpiaaBSOTNHTtQtnOByZMs="],"block_size":4096,"path":"helper/only_vip_site.html"},{"block_hashes":["Y8+R3gDIbAMDF0+9RVOhzapHJ98Q8t7G57NTYRouyuc="],"block_size":4096,"path":"helper/open_tracket.html"},{"block_hashes":["fi0gYEMoyqAdO852FXYquZm/JSgZaI/6J8N9YQXXwvA="],"block_size":4096,"path":"helper/payment.html"},{"block_hashes":["Fd3bgnjfEVMyMjH6Jv/tFrgXMQpo2l+oNTzyEjD1uPo="],"block_size":4096,"path":"helper/proxydomain.html"},{"block_hashes":["jPx0kSn2hAs8CuK5vqAyBUoJTnVuTfAaW9jMHdj9HAc="],"block_size":4096,"path":"helper/systemdomain.html"},{"block_hashes":["yT8s97dzvzCaEpMoGvI+3QJEfCSt0kCCZNDQxGsJWDk=","8JbrGR0cRmV488c6iU6LYz32mUrAcY83fLQiSJt4q0w="],"block_size":4096,"path":"img/0da87_36x36.png"},{"block_hashes":["4h5cHCWrpMiHn9+jmtCS+Cw5+rv6TWPMhdWn6fS1TvM="],"block_size":4096,"path":"img/14677_27x24.png"},{"block_hashes":["2uLl3+v7eODPSZ30yQ/P1+fkuZ3LCPbwb0SqEIeooRQ="],"block_size":4096,"path":"img/1719d_14x20.png"},{"block_hashes":["6RHjxaRZKaTr/1WzUWLyRUJg8dNsxZrg8QLsRH5IExw="],"block_size":4096,"path":"img/19818_18x17.png"},{"block_hashes":["9h/j5p2pCTctZpOpNomVvIqXf23ztqX+gR/seWQjXAg="],"block_size":4096,"path":"img/2273c_13x20.png"},{"block_hashes":["EArgkrUOOTLSP4zxnqyftUhPJ/WTHF4nc+01FmfiXFw=","Q0TyA4sHGSQVhppZ7f+XLXPRao5SShgYtvPSrueK+Bk="],"block_size":4096,"path":"img/3976b_172x27.png"},{"block_hashes":["3qcqakgmjfaZyQuPBmUitTLpCiwOdpCDuc/QB0LUA1w="],"block_size":4096,"path":"img/3b7e0_30x30.png"},{"block_hashes":["NqfxGRIXwaTj7O7aVfhKHZsH/0GnZH4T+s0C/vB+R9M="],"block_size":4096,"path":"img/4e659_30x30.png"},{"block_hashes":["aMEJQctsisRY2CJYH1c5P6MDScbyTVGfbsYwN6SfssI="],"block_size":4096,"path":"img/5e0eb_12x20.png"},{"block_hashes":["+qmd4G07+C+QFT+d2eWrXmCs2XAeVYVvyek8uFNaCMY="],"block_size":4096,"path":"img/6176c_30x30.png"},{"block_hashes":["npLLP3NzqtmODWgRH5yJcxSYXXH5WtFsIgY15mRVGIA="],"block_size":4096,"path":"img/7da01_13x11.png"},{"block_hashes":["/rq2vF7vuXw/HDGz2ngOXEGoj5hnZ28O5J5RD8gWz3k="],"block_size":4096,"path":"img/8a947_34x18.png"},{"block_hashes":["3VPll3Mn5j2mMnjgIFdb+G+6kDpuEtCn5xuzEQRbuck="],"block_size":4096,"path":"img/9495b_30x30.png"},{"block_hashes":["28WoiqfDsNcI3iSsiHhhsGy+hvKMWSpTD0DiKecHYaY="],"block_size":4096,"path":"img/a5855_24x24.png"},{"block_hashes":["zV5KQHFUIVRdLwh6h1GLtdZ+9/2irHpbhg+zlOu0TvM="],"block_size":4096,"path":"img/adeab_27x23.png"},{"block_hashes":["VnxBisFGdg51h0ptOiWutplejzi6O1sszPpL1Kaax7s="],"block_size":4096,"path":"img/bea64_27x26.png"},{"block_hashes":["Y+heq7Z0XtSa5w5Dg/Ow/a5cLiIYPhFgqyujgKZP/QE=","YqZ5uI3nc50x8/ncTu1VCmBHpMvGTHJdo0G0vUcsO7w="],"block_size":4096,"path":"img/e0263_161x26.png"},{"block_hashes":["NvQHCMfk7D6paZEBpbkVu/pEZHz84YmXd4kDGMKtrr8="],"block_size":4096,"path":"img/f3d94_30x30.png"},{"block_hashes":["w9OgyqXMCG9peDk+z7m83v+nWyS9YYfbCwT7jMMBhd0="],"block_size":4096,"path":"img/fbccb_19x20.png"},{"block_hashes":["MBktPvHPVglNOZ+WlgF502xZ8s59t/Cfhuc0S0vfWsQ="],"block_size":4096,"path":"img/fc94f_28x21.png"},{"block_hashes":["2XcUhZCLF46QF9vWYFA7pRhjBS0PitNgIZodCknSXE8=","YhG1OJJPNMS7x4z8/qHX4paoz5cSy6jkiI5wiRRB7E4=","I9xgaZyTJ3wpTxfxJMhapT0Vox5A9YWf4gWHTsGQGf8=","diRKFqHAuHg35j1620wEn1bippmb5DyDZUQTp+jJ5Q4=","QqtadhSD1ltWWZA1F/bSQIUBbdMnkmCVDa8iH7vWrGE="],"block_size":4096,"path":"img/iguge_logo.png"},{"block_hashes":["4N0jzogcs/DM+r31ivM0iisq2oy9/V+u5Gh04Wwt/wI=","g0eVBRgfyKhIRvQBCfYih/BsCra7eH9lg43d7phTYZc=","BbtIr9PztUy+BVvLRktTDlTVedEkskxjAWY9ncTyN/w="],"block_size":4096,"path":"img/logo.png"},{"block_hashes":["QcA5Y0eQl6Wo3StdZCO78my7wG3c0xJBxABO19GezSg=","GThoaQsJVfdKzKlY9TdT4fsq0Qeqy69V8SkESNchAuE=","Ok/d571Ou77fiCPzygSrJ0GY9vcB2Xbqh8tNrB0u1Aw=","KJ+gG39GLb+GPZ8WNqjRmLKMhPOVHT65vJtWXOhpyKo=","R5+j9o80DMNUb3wJzDLPusu6iyum/C4uwv5twr/+bnA="],"block_size":4096,"path":"img/more.png"},{"block_hashes":["kq8raXq2TVWUkvfW7aw9iOkPGTKVNp1u3EUl74ILkyU="],"block_size":4096,"path":"js/auto-size.js"},{"block_hashes":["EVReY/mgnumZLzBNp2Mf2Qegu5IoPtYV/9XOOw3sylU=","+tXxminfejjHjNwc0yx60/WBb09FF8mzZugYm5blBjU=","1XoY4ineGur3YOtVp/IrcK3MO0uG5nXmHTAOhyvbeJc=","CMSddJ47SI6X5AyOuiGjvziGDH6Zd0zZ0QLOjCVbGxo=","BGgWdBV4csmNXoNKd+NFPIwiC/yDn65a2ezjh+ZCc8I=","+BcX/TvSgIOUJAJ6Nrm9CbqNdUDtClrlA1EWTgQvo0M=","49NYhD+3TU7z3DZeEU9Muvf9w7yBqk+5lT4c8pIWfiQ=","yKpjQaLey2lZ1wpBCV4/cvhpKzHOk9rDWn4tHuxJ41U=","/Bk4DFTkC5tIXLyzW9MB90UeS0Z3ov8qvbf2YV72aSM=","4Le5P+cFJtENqheDp8wLBPqs3dGVSSkcYjEUlg83Teo=","qasoElpnCLRbaAf4B98ueBZfRgGm64agvc6LlhJMCbY=","W2YNrMfxqdnSIExU5nWvtPKPTMF8JtvcDyoZ05p7eZk="],"block_size":4096,"path":"js/bg.js"},{"block_hashes":["0OTzoYqAYTA5EOfPzlzpUK6snC3DyrSCIVO0Vd2S0Y4="],"block_size":4096,"path":"js/buyvip.js"},{"block_hashes":["FHIKQbJ3ziJvcsC8rWrFdC4IqDDUZ92HjEH6Aa//xug="],"block_size":4096,"path":"js/igg_install.js"},{"block_hashes":["4RFOOT6o9agPsrRRRr3TjrVqrJCN/NeqkGrhenkO8H8=","NvXfurKIXgasE5UTN6xbzHZ51F0V8KZuTnE5KhVv2Yc=","G2bc4lj6d+UZEWo8OVAfagDzlBO92R7NDfr9v29Paoc=","d/maISMcOlG0nXd99kDDZNuOxphROMvG4v5JT2jPKeU=","HwFTAGO4Imn8KmMGwnSVfxTyUK0EY1zJhSabHYzP/Eo=","/qf360hHUBD+C74egnuEnoUHOi0B1zwO9SoqPDfgnlk=","dhngbMbJUwzzS7X7N97cMise1oO1Nn37AJ53MjyxuzY=","hul12S7Zwej11jKhEZqjqiOYyeI7nmTPma2YGpjjiz0=","AwJVHTiWpJb5a/LqGoFpZF+gxkLVQMvIycqe+kyYoYE=","lctKj+icwj/evd4i9tmkoEJYigAKm87X2tGSGHZcxu0=","UQvtH4Zm3SBdvs9MbjMcPCKtZKyVi/bzVJ6oWa3T5LY=","rzetvJJ91LIHbE2WgAJhDXtPlnfzDMNNxA0nchnclkA=","oSGVWGcnRlmnmO3Icn8LDjBsDvP7blGJG0HXNOgN6x4=","kn4bO8pOVFR2kWWFXAO3VZH3fH2Ma6U+FKLcxjw9uKg=","QFmwI4XgTTIQgzQ5B+LsxTaLJvgW9Jme4vYN+XmgOuE=","hxExb8Ppm6gffT9HxgnZVvnUQzH0rMneNaDeRUNGFw0=","Sl4b7Wqnd5wxsp73l16uT+WWVzNitvdGnjjihupdM+o=","Qt8Cos9lxyWRXeoKa8CX/wj7yTqfv9mp/EqokfSoCRM=","uFhBkvSjImKvjH4BLkJCAueHWFn6d3pZiriaNi2kMWA=","mRalxDTR+lUd3pNxTN3kc3N8J3d1p6V7Ki4auCS63PU=","rRWusZygK0gN2RFkxn21nRFw2RcwwUICHo34nFcPT70=","IpDCErVUGud1fTNobKQHwYVKqq77lVhQ2p4NLgTQw1Y="],"block_size":4096,"path":"js/jquery-3.4.1.min.js"},{"block_hashes":["llwhnmr68Y1YV7gCMBlNkSXJZgrHSNQ31DPpFgpnLvA=","Ml5wOCRCoI7uiWZlKJDb77/23vFHNNYarRHlz4ZcMw4=","6+A2sAgn1jhtveKZYwNaocwpTrGYKGTJFhFfyBnUFAI="],"block_size":4096,"path":"js/jquery.loading.min.js"},{"block_hashes":["Zj8HnONLZ6fy9dgsMk5s/s3t1PbG2VGWx4ZhwBUZSKY="],"block_size":4096,"path":"js/line.js"},{"block_hashes":["Y+QuMAqMuEXtf0Gbl2Vg/TU0Tk7Fw/NKPoIEBDnPlqQ=","+LMEpBcQ6X440F9j409QraFjdh+O+8hRn9MXHqOWsIk=","bJSsWcm36ngzkRz0poHo6QVFS3v8hBxrP4ZsoDXcBlI="],"block_size":4096,"path":"js/login.js"},{"block_hashes":["llwhnmr68Y1YV7gCMBlNkSXJZgrHSNQ31DPpFgpnLvA=","Ml5wOCRCoI7uiWZlKJDb77/23vFHNNYarRHlz4ZcMw4=","BWePo5uNyot+DoiRui5CHYspoyFsQ/+d2IpJfOOIaeg=","YV81kAtVu59z4Ljz3dshy3SHzjrbWtzguQrqqE8yvLk="],"block_size":4096,"path":"js/main.js"},{"block_hashes":["/LeZ9zQ6bV1mYje6bI6F06sd/Z8PHDg2aMYDnMB/X6o=","DcDvO5l8nQfel59YS+XGpdE+fUWXuFAUlEms8n0Nqec=","MT66ig8kiGo75DPxL4UezWdcqYOn1n0kGHDzAQd5M4s="],"block_size":4096,"path":"js/main_page.js"},{"block_hashes":["vnHRCJ5V8WrAVaxKnZ6eNQivKrMCYPZljhTmlELap0w=","LvBMwH2q9BgmNmh1b+2ysL89xZ/hX6ooyxEDS7Bj5rw="],"block_size":4096,"path":"js/page.js"},{"block_hashes":["C7g+wrvdZHkbEOKva+wp09iQCIhaNEBrRBZHuEHgIdw="],"block_size":4096,"path":"js/setting.js"},{"block_hashes":["NxR7pwmzFBQwj+oPWXcR0Z1xGI264nsU2bU0s7Dqueo=","tI8brmmbrepfNBoeVWDaX1ec/oDzz2w1LR1FuDeeqyM=","NvGmXFI+3HiU/3zhE+ygFgPhee+VdEfIo/ma8ySDEbw=","HxU7ZpIWkKQKdJPvCTYh3T3hA63+Ak84z07xxSf4A1A=","r1EEWhOM5P3GuRSKy9bfb5M3lzXDe4p1hU0sX8RiysY=","pMEEUuWLQ2ZQGGVlBo1++VFLWXPlNY0ts/LQ3shKATo=","5pRn92BJzt8cUXM087ReYlAu0asOkfz7Ue5LZB012eQ=","CUkhQAwSWe3UDrsmtQrOdw0dKQiCSUDBtcXN1Z0p0W8=","HaaF9OiOKFCoNaJg1e3tvl8IDyaE+y1ugK+WTrRXbtM=","Hc8KRLqJ9pUeeYWSCnpU1+Y71ddc2GOVFPa4YIOpAhs=","oqwqJWH6vy3rslL7T0K1pNM7YMMAB/HK8kFXZCHpN/s=","QLgsEsDp1KiiG8Hi1EAI6Xvt2kmstmMPbC/XtpySciw=","3Y4Z9f9kva/eCAw68xQKyn2KL0GE4+R+C2V9dqC2Pog=","pt/YXS3WoTzUErPSSZOpMXljB5otwSo74T5cHa9zyzQ=","C26j7gWPh32IpeEefuJQjf6QlU2LUeCerk4Qf58UikQ=","aQkqCqr1ZrjXYDy0A1sLQjDjgxnFyegiQ+h4vk1rR3M=","d4kD3IXT2Bv8jmG+vQJYOm9SRdqXBy3IspxjQHJURsQ=","nYGTa5/cIaGaM1PTsvjOprPFEWh8IJdp3iAY4umbmI0=","yLpry0Sw1XlQlCP2RmJNBhjrbM+jt8+V8jrL3lH1C7k=","KDSN2dgCPvp2D9aqTet0+SCVNsY/Q2afxVFUr6Yu8IY=","MkVXqVyHF0WYUnp9IRVDRHVID6+i1Hkarmt1VnHO4N0=","OPTTS0BI5LODBE0eU8ZMKreJwaAN1GuqxlyuP8sobxE=","HAlE58XgGMZyiRXXyVo41/tuRwSwbHl1rrXKFdfy31A=","uSLpzoD8v9oGftY6A1ICBZ49PxI4KqWi5Cj9m3BY/Ic=","8nQ8E7fPkMZ8F2DVYldQKeSiq7sGoEPmeXhQ5iVV8U0=","5Q94+WbV9mrbHpOdXiB7sgtIYfDgEhJ5/5Fq6PWm1lE=","W05PP6+8zZOl4RGbpeRTMN8XqX6lw4j3lNSed34Ll/k=","Dt/gWAz2X7kJx5JY6l30VVsEV6sWc8vg2yDzXWqD7hg=","0B9yfA7V+bZwrl9J5b1Cp1WfG1WfvYbJvMx1iVSQzbw=","nzzt6uqx9hMr2qE6NzwDJfLhBVWkL0kmDcq7N7ktrn0=","xwefyk8en3+GfztHFDz/lNFxiweBOEejCawQzGIc6AM=","RLAhkdxHI6ps8CSEX1xiBv9HN9LxSRReoaZn62Lva/A=","drvptUCS6ZPUmlls7pYySmH9DDW1j3b/7YvtEisuJu0=","Gnki0K6AZKhXIchwbzQ+VlKKMdwJnJ73ZtK2c/gl4XE=","6Zx04FFjVjxLvihj+ulflBcwJujj0yKO6fPFPt1ye/Y=","ZsnlrB486M35P2H3jkrFwQVApLHG1G5jPeK9IWLbqFg=","SZFG6LqLmD8tap5LX5wiZEB1sX2l8b8KuB853Vdqz/g=","FBCwkGKqPc098n4nTm9PsLBmYXH8Oz94NiphztcAPgQ=","qDtcRhFkb0peQqGW6cUmOzzpgUtl6cOakq4UdBMTPM4="],"block_size":4096,"path":"libs/bootstrap/bootstrap.min.css"},{"block_hashes":["ybrz7VlMkh2KW49mY3wOOFKWif1WTUMCtBaUQWoKPaA=","wycr4571OreubjpoiyqUrq8uokDU+e1YxUoEWWLOxgI=","5xRzm2jzF+YrnwVWoWWQrD/v3Rr1tiWETIWE+JbJ/Qg=","vjdmvh35HK9g73RMqp2gsPDthBbcNvb9OMnCITp3ag4=","xDnENnNXJ5vYsBCvTAzx/iRqJBI/yk47hT2+h5UHVhw=","d2AC/VdB5HMZHCLlwKobprj/D/t3HipP5rdxp3KXL74=","yrtcab6DszGTdrUBouCjmuA4FsOLY/A8uf0KHLj6PyE=","CxDR1k8QsktY/OvgPMeKRcjUIq6cx80cWkuTmgr9D1o=","+JBltjW8pF7iWfkO6BWTBneNZrzTUm/0BNfxmzZpvsc=","0bmgAKTyxNHewODw1b/LbJPfYhlq23zeREj4Ngf89nw=","rRs1exqH3Fj/fy5Isih5IyetiNWcw5NhLjDCnvJ9n/s=","z4w4WTkl2F8igclhAws0YmnSKsMpuJbojDUVYVNzkJU=","3qWeb8W5TjVXlLeBIlYwQKA+1anbf/m8NbvIS9fsjgY=","jETAW1g1szgVTNGv8R+Wto0jsj8ftcaQySTugD5NAKA=","PaOO64W17hzWdGFkYcBywwCcaqdSFu4/ZzlIigOwTv8="],"block_size":4096,"path":"libs/bootstrap/bootstrap.min.js"},{"block_hashes":["GoTRnJX5R+Xu1gAELjmefbM1fKb3foEMrxmMdpFRUpg=","0r3GLJOXibIb2VVvnoem5a48fx+zbRRwoMUi6hfjUCg=","FlROpO6o8qMRsPhB+1Q3xxXosL88yChHoDngZvBcOVk="],"block_size":4096,"path":"libs/clipboard.min.js"},{"block_hashes":["zB50aBwAid8SuAmDhVbE7W/nVhD69O4smM0NWmWjGoY=","Qn/shhGyQpmZwM8je/ZTNaw5o4KQCsl8fmBI2EwUVjM=","9iGSEYajnkqmF9C21+B9i/rq1gQO9gBXAN3hxQZiMMg=","nOw1AkrWGLLAFsblqHEqnAVgHuh/VJ/dDqkExm+HDMo=","vIG7IKuY2UNliGgDTViuU9zttfDFDZ8Qzqj93Ded1Uc=","dWpe1FkZ3ZyZrIO+yXogVrWi1NLPMJsL25nqw9PA6Dk=","ZyKg/Bvq7iZjBKsZg71hdR4i6ainj7OzQn56i2OA3PU=","GIeuw9f5iCWbyraMNAl9t6cfS83JCW5m1L0XZObSZg8=","aREgcHxjusc453mIcuhujLVCxQai1YdjnlglMT/LSwk=","8v0HCtwh+grDurqjcZZfzn5mOYM10u2kzAYbUixNfMM=","3JC2ZTPB/wANLtk0fQscrGMGcWENgZG/514VlBk4V0E=","x/KHU8jtVwIE3p1G8+NctUv0UPetpln01EquO2hKJzo=","ZYIGQFyZ9BaA7dHlYjGYILa4q2jGKzwgMAeDBveXaY4=","XRBklXRHUOv81wQfiP2zDK3tqiEdRSBV2tZ3WiUAkMw=","chEibARjzzKCl80C6GMU8BuLB30kt6zACO9TZgw5LCY=","24U6OLbTRAOVCm+4uGu+Aqiz5J9F26KjaunNNIE2o2s=","7MW55dXNZUQH6GcnNbPcj3VTMIFIjsnQJzMMzESCdWw=","eiXKeErLKmiqr1UvuZ1OgYTVK39713+1HK1rYGLEC/Y=","C8Vq4RC9BAK3yBDLUglPgJsC/IyjIYlYrwicjAxyVpU=","dlTMXrs4R114K9odhr3vlDpDQi6jeOsaXOWILnRuEfw=","YdtreL5xU7npeFH6bVEPPB0jK+s9Yh3Hpgasgjl+lWw=","EQbIgljFMGtohuauKHw+cWN/O3PMdQhjORpTkl1EEFY=","99Q7NzAjOs89WB4wEjZqsXJae4BrS7cgDoxBkDIoCFE=","ObhSI/nwDB3pcX6iMeBdg+7uCzZ4lpJP+npvEY9KvM4=","9Fa3UpQmybDWx3THwEqAu7E//azrsuprJF1I+a2PsD4=","S2UoXc3fx4RC+Mvn49baVV9Fb6HXJuODepgZdaUdKMk=","+QrAyR1pVv0bvBD5b+km8D1Q1sS1zBdWYCNa3eAC7Lk=","Z2bxIGM63+DaRh2VXB+XtdbToplOsxOHzQJzG5FQ14U=","KavVo4D+ZZPnmp0d5bbg4yjEl3Wa2fZYE1V3AGFJQvw=","bDQr7Vj0XinOOJyRO6DjIr62dPZcVCfpm0rX++9e3SE=","Ju/Cumk6gDEgmPeSf6c7DxS9iKjAQv8doWErFmv/Ju8=","7TpWsGrohkR6q84t8URgwkr+fWBfBIxLXYNO+PST33o=","bWPlmLTgD3pbNxC90FIshzX+ImcGQ1oOf4zOlh9pHy4=","WZ+d+MBodJ+eojf6JZeRTss7IM5yz3VANUyj9LEf9RE=","JIZaVQd3grpm6LElHzsQYyI1UBYEXQx/UNiWh7pi+5w=","S7Rehg0h63dYAYbMXNn/q2pRqH8mAkyOScu2v/Rkt1k=","qM8cEGT1NIXZKHNaOFkF61CnquwNooGuqU89L2mQXj4=","1VgJWFn2o1RFgbytShBn+piR/6VJlCbW4zF11etf0HI=","hWhOOdfW9K8KVCft4DOzcGxMGzXTYNkwszpZEO79GPU=","xbMElWQAD3WpaejEXAr6K1ZyJGImk53XPWWg35XjLv0=","9dwgeFbjVeQqa4MkUHRcFvElFgN8cal+VKa5aC1Twgk=","f2Mqfu4itWEZC9nvUdVVhTD8KchqFUz80tuIayhblSg=","Jov37lJR92V1UTozoZ29TFG2y9KugtZ33gvVPU7G32s=","yc/vgME4Ei4dF5AIZ4Bz60/XYUAQwIdW3e+o0WphqLA=","V+Q9jq2ZKaOwHQYlHdJzlo6zG9to7zXGoNwHK4yZGVo=","3RW0V2MR32StfUn2DUTrYmpdU9FxkLNmgEt98oIt+Dw=","F1YbS8+g8wQLHGC7UicELwZZapkW7AkjwrVXsusLwBU=","CLePAkQM5uCvPuJGOydfKvfN5GjQgbcscmLhW/+CGC8="],"block_size":4096,"path":"libs/crypto-js/crypto-js.js"},{"block_hashes":["Ot+EoYCI5KC1i/6elanSr0Cr+5impk9JKE7sNtuH8nM=","0/AfGftM0EIUoodcBNfWQPPuEbxFgtc5jGfnrbe05h4=","q+zPSHv7IaCdgEhrZCU9MtrQIH7AQuBvtzSs1+JEIoE=","RtHuyuFnrzbya6OgdMbgr/lmy3xKIoPO5z+QqDRQ+84=","OtH8vGFBLoksxfHOHUWiHzu0Ehsfrahd3NsPS19UmeM=","qGPDymAklsfasge53D2zCSPvOn2uj9Nv7vNUa/Cl2Cg=","UhEixQwaUTtDGV/HLBN89jv4p2hRAInA5CSVb40GIOc=","jwCNrLCBNYKJPt0gPJ384atQ8gTLQLqiuX4cCdrnYfM=","Qyh3mlJH5JSEm4MOlyx15Xt31DcuBpb01pKuVnJhD0E=","CJQ4Hbpj4P4qwCaE3rhTLD+/lQCj2NMPeXFTmCt7Jrc=","4DQ2cQCbZ8bwBbOKji4IUmoZJFKwM5XdNrBIOagn1Ac=","Q4voWaYk4uOdbUYg81FJhFtqB79tRyQTyQhghFIsUkA=","bDWHLsXfBdxG4HnJsx33csLGT28RBJHmlhb/ZftsIuM=","Yz6VA4TjtjMKruaW7LUBbOMJXgy2jCW0zHPRPjwG0Tg="],"block_size":4096,"path":"libs/fontawesome/css/all.min.css"},{"block_hashes":["++xOyIQBDyF2Bhwqwn/8xRaqCGIoUFycmG2VLpUKaec=","C9nRncvBmA1Fb0SAScljL/5cOWhHF29Ya6WIty+G+2w=","g5EyG5E+RpvoUusPwydGrykoJlhKY2mmcUUjz5mtCTo=","EhDGDj76caQiGi+cz58cacyihcMTxMkY0YcpWWEFH0w=","OG63XPFBupPNl+dTT10ldeX5pnPyuWwm4WBgsS2a4JI=","m7+ZaD3TkWTHk3rfC2fl2EDjq2+5QdfFG+T3/FKGYK0=","a6ZDL3KKxrHW5fw14A/qC01AIfyjQDFbQUzTiSTAXDE=","b4BaL7pMyxVw5fjoQRIPnqATYu/MR1eokq27OFZIZFY=","63pSZvHL03Pd2GJlgIg39emogavkp0VS1DtN8qb1jOQ=","GLTyRQwSFfondjF+YapX2wETDsnTsxGFdAQVMGQ0mqU=","BDsuF1WBDtSGjHB9HpXLmIIxeQm8t77BSIbWACVFzGk=","/ojFuqQcQjSf5wjUpd1gQvoYkBk3VjTTK3i1RR+kAI8=","vPG6WCQG3N1m0CXoIGqjZMEZOOVxQjzlXDTBrU1gsek=","WJp3h0zvMlxQfmBflVFH0Xiqvda3dAC/Skz0kjuoGYQ=","LAt9bFxk//y5VJqZa+lgSIuWsA5LhW9HIEughrGGbQU=","w+1NxR5BUH2b6VAfaNVZ/3jGUPCpkSj7nB0UDaFwDwI=","no9QJ2ydRQWyrGcESewHHKQY1BSYb7+Czj2dGFBfnN0=","ii614HB6xmUWriZNRNTbj0nDJ9mvcx0Rop9cdV9cbjA=","FhxYlzRtSymonk3s4itcGPvInIwNElOcgBk4LWvT6eg="],"block_size":4096,"path":"libs/fontawesome/webfonts/fa-brands-400.woff2"},{"block_hashes":["RGepABFd3vat5zUYXG+BEGWtaYUw1p8M4TdQxA8ON4I=","hKJRMq54Q3ioi0VGulLG+OSWNRW2hQmzBReR8LOq268=","JaZ8FzAGcxAu6LWFvauZkfyaC1AEeXtO4uYFEjh0/gM=","fCXyjnSqAe0FiSg7KQB+mJtBpdVNoFq+b2ytubEEQ+o="],"block_size":4096,"path":"libs/fontawesome/webfonts/fa-regular-400.woff2"},{"block_hashes":["lY1Mz9MlITx5lDlz2WXxoEWKJhfFDLlgRvn3yqxH13Q=","UNWYk73qytAoLlKIpkUkJclr9UEFkzfP44wV+VMSHR4=","iQ9ct3yzuLtiS31K+d/V5w0UJkTbEO8EHQqM7LpLEvk=","DqRuo/AvpfqH/A3dokJhHQC++3yFWoEFVzpF5fZhmEo=","LE3pndz5dNbENkWBhhxkY3Pp67RwyNl69P0cwfOAotk=","p7gPBODfts3XVxkxoIZ38thzUZ7mCX5PgfpBIafLHck=","+BbJ92tZBV5wSdHA9t1D1XHyqDfdit1Gl6YrRcn8tHE=","fExL4oRdy7hXGscRbFpa7V61x4KF5NDpTr5M2eVsNSY=","0vlV5JzlLSi52bnqHwYm5mhudc4unvHsQ86MDGXV9MA=","0DAaKLtU0PI6ykZt0vYUI7uexvIqHTtL2+LDYAcx7v8=","v6HK+m06rxhYyNyoGCdFOrin+n3m3p1trSkQ6FDXHkI=","qaa3/kNJBuO0xvo9TCrG/jluU1tPX3gUl4/CLmrfxJo=","Xapuk2XCA/D1f8BcRJjVSqmaa2CiG8yceqtU0wCwNMM=","H88U8IkoKIci7oe2jdHQVxoyE+0zybdD7gDNHFJXjio=","ktLq82hkJiFpZ0OXcyG42HWbGNy0sTYJVn3OB1RUtaI=","tKcDqxFiJC1PD7OKTRmByubXVG+g2HdripZUx58V9x8=","EJtuiHtEIandZC3qx2d/dLeohmHUU8KHyZJQt5jlaJQ=","F/Ng8N/D+BaL4Oef/NDDETha1oGAzsbbgOPDuA3yvLA=","Mfal3OQ94NXbNptikoBENguJVEMNW7jq+D4xu7kLEWg="],"block_size":4096,"path":"libs/fontawesome/webfonts/fa-solid-900.woff2"},{"block_hashes":["oUCOK07o1a9EEoxSRW5OV9UldGddrTXLTYi5D467JfE=","XOBFP+wnikTHeM0l9DCLk0ZbioGVRiMV/LGqUXGKx+w=","Ex/Np7/GN4Cbn00dAAScc7HHJIjYz7Jnd/tyNhf70QA=","L3HYZVCCSEPGuClP6fyAlzNvgTyj+MH4wqaq9dnUHmE=","TcbsZKA1I6idNbnuThNZUF2e5QXv+3QjYokj8A3fl1M=","TtpEhE5Du1cQDxmjtvnwUJ4dhzdUfeCrSoJKsR86R3s=","MyJ/2u85E9+3vinM5nWczuVojYI79A6PaUNKQIMo9Do="],"block_size":4096,"path":"libs/jquery-confirm/css/jquery-confirm.css"},{"block_hashes":["zvGCUGCIJlC+Z8apHKu3LK0qe70QTNLvUrHsQF3WTaE=","6bbNs+CRqb+PjqxQSoicCBQpg6JVIP0jMk+xpAbspDo=","8/Lk+KV+JkSPzUUpy08MGDwZdFXg22Dd8fT7Mvi5xdU=","1Cb7MnaAekXrdsRSGb/AKY21VSgABHRVqtZIMs65mxo=","bWzK5LMbL9QteIUQdzXjlS700Sp7nk1opElb0t9CJLs="],"block_size":4096,"path":"libs/jquery-confirm/css/jquery-confirm.less"},{"block_hashes":["jOUJlZNCiR8c/n4LxOLOS41dNPi6z20IzQf1PzG0jjs=","bmf1t73UzLbgdo7z0Vv1cOASKsuYJEg+joECIhWLVl8=","L5Znn3U1tBTLbuYzRNyxiqN67tco+RicdTDpPk4dgaM=","i3rvd15gFh6E9YA4ZLyEmrMCiFJpJ94D+g5ZN2AL7O4=","sqFVBMO9AdAuoSwlb4zI3u1mwWzf3kUq+UpQl20bRMA=","q1aorhhph/i41CuGC3PzHQOB29buKdJmSd2BpgugX+o=","7Uc2gpqZBojV6YYe4o3mbWWiTxQS9ohZBZci6Db8Du0=","+Z/GNuLT/0srsr6FPvGFfg76ZEfyxvwQGUL0+olLgK8=","G+vHhB7tWxLndEgmK7ngtYKqVhff4O7QPwWMlH8pgkU=","bozovhU0adYf1l4/rJqvBzbqpCO9OE0Ly3xy1JrKs98=","CNiAYtSTQVRXvcQaayJ4M6aW2T7ddSwDkRV5iKWV6HM=","awemEIRqcVYNNPG+74FfFf7Ln0/b2ISjaVTjoN/LnMc=","SFeQOUkd09t1kUiMys93v49QkWCO2RqTNTOWEtKkmmw="],"block_size":4096,"path":"libs/jquery-confirm/js/jquery-confirm.js"},{"block_hashes":["4uxIQZ4dmqWDsFgFqhjQAZ2W0edPWs3NgS6h/CZdkuM=","0iCOfzbAjPIIg1wnE6uckUc4VWVMnTLMWUwkLYNARmc=","Blb5dzQ27h+smTUiQ9LC2O6vvotOL2sEVN1YYBRinR8=","K2cLRPiPaqNkPeFbIGnwCACdTVku1O+RPgRM3EDfcNY=","zLYNpuc9j7V6k1Bk9EMvTcRS3taGvLZCOa3iJJrGdjE="],"block_size":4096,"path":"libs/qrcode.min.js"},{"block_hashes":["nZicyB9Qk3PX52+D9JG2+ycrvzGGrmf7rL9uMMJkld4=","uOAdcJcT/O9bEtLco8aa8Bs/DtakT2w2x1BHKwXb9/w="],"block_size":4096,"path":"localdb/directdomain.txt"},{"block_hashes":["ukak/0L25K9PPTltQ0g+JaJ6uXqpt5+k7OKlb8fC/SU="],"block_size":4096,"path":"localdb/free-pac-template"},{"block_hashes":["fFm6QcdMlRH9x+sAR4U/7dnz4Yv3j/RI8jHt8YfJbv4="],"block_size":4096,"path":"localdb/freedomain.txt"},{"block_hashes":["ejJU+1l/CSGNdV9nCpWRJT8RH9R5A69gIvhw3jJ+n9M=","A73iyYwtkYmC5tTBzG5nyEMY+lwlAO3x+CRLGP17nGw=","S/zMceHbmyGo4Xn3TwpxZFGtx2NstloRmeLCl6dqEcM=","91sL4bLM7US26I39NiDKKneXyx1j0Wk/0rPS3No9lb0=","GTj3Gp9g5GgFx6EhfGFt0LX9+Sp9AxP8dH6QEVLaRLM=","mHremfRRM8PuRwfjRtzhAZN2qdL0x6w+MhavN1Aq2Fk=","1pYXJqNH7zWSwwKuNvtp3heu7VP3Zo4lS7MT9ed0oW8=","ZQkU6i7kR432xbPDUJy61dq5fdLiBJ9H7kB+aSCDP1E=","mhXfibo0jWPh7GiwYb2GW97trCblk+hhSZQ2LcOVyXw=","MCqY8MJxRiF15kqvQQLNT8Drl9vAC7fRYGKRfmJ/tL0=","fZP3//h5l1vnKzxp2KHLBNVVlxvUXHFZ7WNeX6AXfQU=","4FeuIoTjwwcxP2n4Cnu8EzHC2aC97FAJEHYghVU9Low=","jeevU67JVW52Khsh4AGim5D3+rCwW7oDX80QxIfQRYI=","jYjjeEVeSM7JnDyQf53sLfaN0Y37ZLqkVyys9JmQ1+Q=","0XH3cdwSBIPN2onjl1H8GxEjXaePn4J7ukMFOAN8aUA=","wdRVGN+6nFNE2iCIHskgmw+Z315+L+i7q5b/x4G6o+g=","oHOWTqJHWmt4+63bJS+QfVeubwS/w/+nDtYbtXOu+4U=","KcORNGFg7zEEigd3V6Z6h1pHrvSMwBhEHVqlp0JpIcQ=","/rgwVQX5vXk+iNjd+66ultWXxZaMt5dYW4uBljSgfYs=","OSada5wGqKbXeaBv2uQwwMgidm+O+j6G4yDhoWteai8=","huSBPUFHAB2pIaZSaMWKjXVfgA0yzjN+hePqLIMTgD4=","Me5tC1lcU6KD78EWaercspII7bmwaktMsD3WEltwnKE=","BBtt57ByfvpAC1cZ3/kcO9FCUwPRhzw3jdyqifARAv4=","Nh/cxnzJjcOtmNQ2mFszgJKlhovXLmKclr1HanbFiXI=","euz2EiT1EkWb1bdG182nmwArMtbMA7DGzKC7CrUlOYA=","w4yTXl3jzK1EHeJoGXKuxKp2O0aTbKktoy5ullyMRKk=","GSmBE6mx4PU0Ty3DXqHWPeuU5vYQnPnXUTlfeO0YeYA=","K/45Vb0DfNAgR1vhSRpwDVrktTkr3o2FDxshRlSxvRo=","pa0QarYlIqJh+x1G7hafOF/Jy50tdxnQ/0NI7BBFJ2o=","nn20156V68yXHmtlnKlGLz9o7fPP06VK5Y0kKXzSPrQ=","I5h94dDIZw3MvjsaJu+z9tI/9eIsuxfKpNjHERPSHP4=","H/0uLgSf3dKpkmRISjRMFnSJU96h09WKkTyNlIwoBtg=","FTT+c05qomtuCVmKnr2PHbXy3A/95/FhLcexUH2MVZg=","yyq9+WxEwqe/Yg1OuxDYBArV4lxJNLkFFF3Rqu6btS8=","NmSKYwzxuYAaCJHCKRZUwijOMkVhSxxNaP/HFz+pZXs=","iNrILXmX48kLVNaR21e5ivLs3iIdlG5WfCVEdqg2qYQ=","J2vx+lamP66C1VWpYem6HPQ3TGb2X0HNs+sCyhimeWI=","/CwM9VhgB022YKbCDJr+OH8qam8l/HeBADQfSxKrwDM=","vhYDZDI3SyVG/KBzg3T1zc7TaX2C0dxG/wdZ9boHqdA=","mvPPt3AvGEmWSYmgVB3y573N/mt2JvwkW2Nu4ldqG/o="],"block_size":4096,"path":"localdb/geoip.txt"},{"block_hashes":["sVKuFkrpMt9gzSw2rfyphN+hM3BCOrPi+tM8EqqWlIg="],"block_size":4096,"path":"localdb/global-pac-template"},{"block_hashes":["ViUdN+sJCUYhZwYkOJEdMILM+nuQ/1pu1OMABlBP2l4="],"block_size":4096,"path":"localdb/pac-template"},{"block_hashes":["YuaAsRvGdA1LOQ8AorwKMc6YhGrFK+x6VGNVrH9vuN8=","2Nq1RpLoSO6YKNpm4ST/3hvTnXaDE0RsllF/5O+J5pg=","hYNRx8anMF1vsbvhn/yD2T+v9s+P4+vYpgiQOot+CDk="],"block_size":4096,"path":"localdb/proxydomain.txt"},{"block_hashes":["7zGf5YDH4wq6oK5/7pQNxWpDkH3wJn+8UooZ9ac5Xz0=","fPCt6iwlYtyOiPkxAJyC0lmr5vAijLZJaK9UVbTZns0="],"block_size":4096,"path":"localdb/smart_pac_v2"},{"block_hashes":["F4gSFq3FbXEylzzyASuUmdGfRzSGh42nQQ0YYzK9VuA="],"block_size":4096,"path":"login.html"},{"block_hashes":["TjrUkaWbsOWVBEzjEav6yeoUYN7q4WiLb80DTaFV20c="],"block_size":4096,"path":"main.html"},{"block_hashes":["CW5XH3HoOtoejVxJ7h4jGZNBxu8TuG+f5CKhKhstTxo="],"block_size":4096,"path":"page.html"},{"block_hashes":["xMgcSvj1ueUdHOUsBlbgA/dLRG++4EAzsuffxUhue1o="],"block_size":4096,"path":"select_line.html"},{"block_hashes":["JD+6Ech5XxpBCnbDtZBD8JC0dOMUjrEO4e2rKM6noJ4="],"block_size":4096,"path":"setting.html"},{"block_hashes":["qzzMRJNBkUSVLtCz8F1aXgcig8cxlnXUguvVim0X0VA="],"block_size":4096,"path":"welcome.html"}],"version":2}