{"file_hashes":[{"block_hashes":["N2IPQUJ8JUkWyMiYeQXJk01H7TX2CrNRCgZho/puY5I="],"block_size":4096,"path":"assets/android.png"},{"block_hashes":["Jlyv546s/AUtuAXm0qo83yLD4ptfJ6WAUWmATxcvtvI=","0dLvOKIq7VWUBLYDyZun1eqN2OlmrasYhhEvnqUiCuM=","DwhJKVGgHaVjH/a9K+kO3yRt7ykpYlDf14a82O9VEi8=","O9jfu7GKLj6zQENXpM4zE7WjxLWoV3PMblxegXTaKv8="],"block_size":4096,"path":"assets/arrow128.png"},{"block_hashes":["uvRo6JX78nrWySE3bxqllxVSJDVPRQUL4qXo4b188eg="],"block_size":4096,"path":"assets/arrow16.png"},{"block_hashes":["XZzEVCZWzSFZInlDjj3dV1zUTxn+ZWSwLeuMnghpiEQ="],"block_size":4096,"path":"assets/arrow19.png"},{"block_hashes":["wmO3aNgYQSWLldf5+5i0w2d5y4b/PzlJv0x++uA5jsk="],"block_size":4096,"path":"assets/arrow38.png"},{"block_hashes":["h5M4Y/daPX4e/QWtbBz6Q+Hc0j2iXahn3ZYWA3E4iMM="],"block_size":4096,"path":"assets/arrow48.png"},{"block_hashes":["G5DrelsqCVl7qRcuvpRU0w1f5Gqp7BV0KBNt1kBxbJ8="],"block_size":4096,"path":"assets/google.png"},{"block_hashes":["AgHRPHZss6S4fKxjxHQ2Xws/9zPqmJjbUjXfzHFeu6g="],"block_size":4096,"path":"assets/gopher.png"},{"block_hashes":["+MGTcYfKbdFYHsNZtFJZpVG3FKSkPi3toY0NenDQk8M="],"block_size":4096,"path":"assets/icon96.png"},{"block_hashes":["IHxojiJu/36G7mJViHr5H3aiJWqQd6BxHaqGPLBzWLM="],"block_size":4096,"path":"assets/tg32.png"},{"block_hashes":["hwbwd+ECgPZ9JgjTkukHbTuTb+zZJ9ipsqSVmxVAg+I="],"block_size":4096,"path":"assets/twitter32.png"},{"block_hashes":["bmSfQVceNFEtP7RW31mJkGrR+/+Fnk6zSpAgi6vX0TQ="],"block_size":4096,"path":"assets/wiki32.jpg"},{"block_hashes":["G9CC3SELSefCQ4vGKJrKjWd1Hvvv4/5v8pez1bjLPwI=","7dYo3C0PjcfuHCekwCzGbzsfATazNvMuoAkh1XzdW1A=","EWDM7qqDjvYPbLc5Iuej2wRmuhRB61sU07OzOom6ljo=","Wgl1P+FEchzeVgcVHQ06hPqUQygbTVrX2fCpygUzlbU=","LhUPW0OU4ntjKrpQ7KL1J1uNB2OzrVSmYEiypzeGcwo=","Xn27mHYQJM9xr6j0szMyQi6lGOp9qdpDICHkGDCN0LU=","es3Rr6BfNfy0WnwiaNyN1sXYqEpxjiNwgD1lDgGMrYc=","cevm+C0af/YLprcZSOlSmmFA8GNSvVbN4D5aa7We57Y=","IKuj8neZSYICIYhBR2SiVxg67yEhF7a3lMI6Nb+7dF0=","adfmQkctPXFC4RwL7cHv0WPiSV6c78S1nhQ1jiA8/pI=","IpWiNOfWbfQHJxRLLfYjgQLVVvv3BxkM7LYtST1/qQ8=","QH4C7yG+MIMRCPxR+OYyU/0ks+uMv/LFwXt/VStInqM=","YWuaFC67xVkiKWH1QtwnidLJiqYjgK+ulRHwU1m/T4c=","I02M/6SBA4//Vtp3/TPMLmvvxFtjEZ86RGGRSX/OzsY=","LJVs+azJ34nIry8B17iPaW/e+BI2QXFkwGBWJTtEdoI=","gE6ygYHTfa28RCtWhdjO/bj5X8ZotKepObRBbL5FVQU=","p8hZoFRnaBLS7/711zwMnywtz+WapFJzCbgDC9bTdxs=","eHHmCBUZvHDqlJ4knsfN9sIoW5qIx4pHGDQUu67+xh0=","F8QHtIA5culzWoC/nxP3lvm/HvbMS7VEf5jm9Bl1KwI=","6fo41lIxiugRTBGMAdbEugOiWPQ+XuyHtCntzQCQv2c=","fXSKB70nXX+hLzUot9YKjaMWZQTc8kaOYvyGrsrBtWI=","C1mqq1LgjPAZDbRFEGr5gncLcE/Gk8DpOUvtq1ZRAX4=","6k0MGmP0+WafWkveZv8tWtPAxW+Qd3hZZ8PQYadg8aI=","yAmMKlvYmGqBFvFYbLmQMbC9Sj+THFulmcw2GJWw79M=","nwzLYoDEgROsie0rD9RS/Ft1bSIvco7vSNdTRfylRew=","mk8Uwh4cSQBOKdemMeAU0jK+0P/GDgGbJod0Qfwtu6c=","IqgYiD4/V4BYN+XaNdTcI11q69DxMqkht1GbpgNWcAY=","5CSFMxOa8c8nuxIjFBw2AmcQ5qr6DfrxwlmX8qHnUqU=","3tj3TbNn/wxh+Lkon1rCsn4p2AfAYuYBY/8MvWH7wQw=","IdGQt6/c2K2AhkSIgzWJ7nm2nw64b/yj85V6fZJXWvQ=","AEIeNmjKm9nTsimOu6IdWIlnkqyzFf58hwdbPsgiavo=","YVTm+D/6/eCa3F2TVHFfqj5U036O2G2yUg+3qXoZOU0=","5Tu05wyuB8+aoctHWLnFTGnQVh4+I4q9PlMxS/uUvQw=","mL3dsNaQhS+Rgn+t/lr3BjXO64mHAlbgeJOKygFCNdo=","6lCqTP1P74Awyqb4lGrr3nc7cW7qWaMCA66C2WZ4Mb4=","ZXWb1H7AApVnsaLqs0oPP4ih87L6GR9ri3o4Bgf2dS8="],"block_size":4096,"path":"css/bootstrap.min.css"},{"block_hashes":["Bs76miukG161kRPtTWF9Li3yyKOnnYz1qwPBtMQw9So="],"block_size":4096,"path":"html/popup.html"},{"block_hashes":["acFXIfMGjZb+Y9MJfAnXow6dUE35QGGE59igGEiN+X0=","ymgaZKS+1EcoRCK/Py9XVCaixnyIp90kErWik2EhobY="],"block_size":4096,"path":"js/background.js"},{"block_hashes":["Z79HpgNSepJsI0JzBhWsE73zwsNeX2VrlVmv+ON53wo=","IDkAMOz+lwZpx4MFiapWYXyb4wkwGLm8LWh4wIQ8Pdk=","1n62iHt/G6rBFb/Tacansz/KaZNFR6qRFztHNzTxaXQ=","VPz9TF7LuV2Dioh3CEEtOylkkFR/kxHQRhqphVFxXYo=","1ZuhEKZYPjGRxYlIxWTepgZPGn8Hy1f1Pf4+93TgO7g=","f20UTnmDPzpoWiGn2WP1mPnrpB2kSPmZr5lGj1+nIBY=","5dWkJTn2JEe9IwQ5B5hBZ9TIwqN5m16oWR2ElOmmoxA=","g5ABme37lbi0ghB/FAu13ktSRNtpeUM7IfbVQtfYLgA=","T7mfwNKx+phU8OcjkBMZ7cFla1xX/1pyq9c/r9ILhrs=","Mgu4E7jCX4r5dJUPVJbSh+u8DUWeLITzwjGRB92V1WM=","bUhblXErZZLI7V2JszUiqzyckFTa9WObKT6iFuk6ing=","JFJ7KGMwbiI+YHBl9bbLQWeF6J5R89S9fB2M0uazALY="],"block_size":4096,"path":"js/bootstrap.min.js"},{"block_hashes":["r0IN9bnKipU06AbfKpUes/IrN1u/871QDxMU2uOR7tc=","siGX9Uhl50tykBN6LIop5Ka2TkIzYqDORippBoX9sNg=","V3kBXzCx3tPzkqtGe4nML6fRxRMiWsnDpYkLQ2jXTGc=","je+FHRl3gNIlx5zmCk0EA5CwmgEkWu82rYtOo8NcvQY=","EoGQrLdC9uM13zaglvWWv/yHEnxh4EWGSVcqqAZNlhQ=","BzLNRzD+3QENkcRDI/m0yw9bUQbmDJ1vQQziTt2b3Dk=","9Hm8z17pIbFWaJKELM+RVQY/g2m/BcVTFAR2gaSy1RM=","65Cu/BDUhqU4ALE1Etaot7cen0LCCwD+rUqsmsXA/eA=","+3lTMa1Rj6HiXQ0u44+xLugAJQXrNVE8SteatGkt4e0=","Twp8++w9wDpuIU4wqOSYue7CsDMhuTE9SsONUSIkL4o=","e+zf+BpRoP/yvLoSL9/nmOXvvBQN7Y2d/q7UA+hjHnw=","9QwHxboyqi3LntDQcgUP1neOdSLE92dTt+beBxLA9X8=","f9mIhVuGgHjjqPlFy4Dcw33C+w+iinkcjLiUOU1Y800=","oZqoCKzinXAbbVsGseoonW4vQ19wDFwPJrpT7rcr9T4=","ML+6I12X6yL4a9l/aT1+MGkSzHJnnTfKPK6bnRvXUcY=","YtWco/+EfxamXpiT6qBSX3i93tDOkQJEnU8CiEkE96A=","sFn0Kj5Zqdzh7olbmwnZ+NLs+/ZhYtRR1Yeyf6nVzbA=","vQSKRXACXdvoRgTOgUlhNYQZOv2+jm8GqzkoFWv04Bo=","tgp477RjJMGW9uZrg4l8K6LSpRcTrhKrYRqY01Hr3vw=","katZwqXEp/0dIegX2UthI0pG6q09su897cQd1aDRTEo=","7OsqaR2jyQ16YA3Uy+QJoAz4oyFahbERSeY8ThFeDZ8=","lJKOTkHZ6v96dX1qVg+WZM6JI/TZ+WW9Psa3MkV9JsU="],"block_size":4096,"path":"js/jquery-3.3.1.min.js"},{"block_hashes":["u6sAwdZuDbmdO+PWby3W/6j2u9AjLn7mcnfgxyqO85w="],"block_size":4096,"path":"js/popup.js"}],"version":2}