{"file_hashes":[{"block_hashes":["aQ8G9XX5z7+5qfLRfY8DEc4YNArSmbNHZnS7umDPPD8="],"block_size":4096,"path":"css/base.css"},{"block_hashes":["uLXNV7CgnGfF6YzXCZhkx+gGc0BoZo0xSMyOhdevbw8="],"block_size":4096,"path":"css/components/animation.css"},{"block_hashes":["0FwVzFaS3nim2J5kyWQN65MYuTiYVPbjEatPSn2p5lk="],"block_size":4096,"path":"css/components/button.css"},{"block_hashes":["D9c2KeMqxM0DqgqAJljKO5lawMQrR30v0P5PO9WvCD8="],"block_size":4096,"path":"css/components/flex.css"},{"block_hashes":["KFSI3QCWKPPGdu2H9oF+YbmvphDeDG7dvD4Q+n/VDvk="],"block_size":4096,"path":"css/components/img.css"},{"block_hashes":["8SzwOxPT9zS1VHjvoSVe0+E8J0HgRXdw2z8+RfgQwoc="],"block_size":4096,"path":"css/components/input.css"},{"block_hashes":["0AtkL6P7lfw3tTeguOZoS+WViHdMqc2h+iU6bNyyaAA="],"block_size":4096,"path":"css/components/line-elements-old.css"},{"block_hashes":["bp/JDLQ6w8EfaETJGU7+LOd4524NMDRpW9tRpaCx/cA="],"block_size":4096,"path":"css/components/line.css"},{"block_hashes":["Q1ee/LknpN1qzrbVbLkZvMt6oCNX+14ufZbJNOffHBw="],"block_size":4096,"path":"css/components/table.css"},{"block_hashes":["ggsM3MS1MyDy7Nmj5V3kS3cZl0DSIYgpSva3swlWj5c="],"block_size":4096,"path":"css/div-about.css"},{"block_hashes":["mPZhFfSiDGeJ0WFMrke4OSa40vltUNp1gRqDWzWSnA0="],"block_size":4096,"path":"css/div-menu.css"},{"block_hashes":["PXN+GnRff+kJGct+AaKclOR3iGJBgrAYP0ga+bczaL4="],"block_size":4096,"path":"css/gzf/prefer.css"},{"block_hashes":["V8678Vo7cZ9hCn01GjTUa7Q5+beP1Fd6Bj0vUNr21fk="],"block_size":4096,"path":"css/layouts/flex-3-cols.css"},{"block_hashes":["S9RNphG/pzNxjc5cukB9D7NgxEMYnMKZSq1NywwjjAM="],"block_size":4096,"path":"css/layouts/vertical-list-210-old.css"},{"block_hashes":["8uXn19nigU00uk7TParzYwFTKNoLiDbEeCoo1I22tds="],"block_size":4096,"path":"css/layouts/vertical-list.css"},{"block_hashes":["vGjEUPdBaocgBhK5b9JaAxibPfJ930oX2htYQZqHkTs="],"block_size":4096,"path":"css/libs/fold.css"},{"block_hashes":["hIWYNHtsHQ9lePHbd5PbpvMVxWPpVNB5v3pIWFMkt0Q="],"block_size":4096,"path":"css/libs/mask-loading.css"},{"block_hashes":["WsnfvvsbqAUyhwENkkImEXVUtPUGrCd3pZojDVzvKDU="],"block_size":4096,"path":"css/libs/resizable.css"},{"block_hashes":["GpnlJxcW0KZ9z2blapSbfGYNTZuRpF5iFKWTKvLoro4="],"block_size":4096,"path":"css/libs/validate.css"},{"block_hashes":["sAE++BrXR8Gcy3uxFwFK8zKNbsj900exX8vks3aovFY="],"block_size":4096,"path":"css/modules/div-about.css"},{"block_hashes":["SnxcXsq9Q1q5vmNEvhF7pYufDbT2jOUbPCXHwOZewDg="],"block_size":4096,"path":"css/modules/div-menu.css"},{"block_hashes":["Eg3n8OcFFCai50MqIL98KqK8Kp11qjghrDj/3Xcc4lE="],"block_size":4096,"path":"css/modules/register.css"},{"block_hashes":["ka/ABhJ8dEvy2UkFbLLZQPvVBurLLZUwla3b8iVPxos="],"block_size":4096,"path":"css/modules/results.css"},{"block_hashes":["dQlrNa+tZmzsOZHwbeSX+N0ICWOVuUpONSzEhESDLto=","umjGhoYfGA3HPXlBsajQBnlmul7kEf5dxO6uUJ+6tW0=","qV26+9FOLNei36tEWk0ZBxk8Jdglcirv8rEyDA9l3Jc="],"block_size":4096,"path":"css/modules/tucao.css"},{"block_hashes":["GKqw+eOl9UELtjtr+SdF7dR9IiGSSNB15Fb7s+2/cnk="],"block_size":4096,"path":"css/night-mode.css"},{"block_hashes":["edkb0oQVORVeNuRzhlex4JDmUGnVegpV/P7fRd5nNXo="],"block_size":4096,"path":"css/palette.css"},{"block_hashes":["eNeGnQywTiG3Yh56NFxMjdOiZt3KJ32MJ8DeFvHDhIY="],"block_size":4096,"path":"css/popup.css"},{"block_hashes":["bqsoiLi0iVnDQuX/5xJdMznnBe9xXk/6FoO22wJfr4k="],"block_size":4096,"path":"css/status.css"},{"block_hashes":["thpt3qJCGeLBVy67pwer5MxXWiT70IbJOLd8g1iBNFc="],"block_size":4096,"path":"images/about16.png"},{"block_hashes":["R1S5ZSaAWWgz6vU5DL34o1FVAA9X/Srh9WcsDsYQ8wk="],"block_size":4096,"path":"images/back.png"},{"block_hashes":["zRuvI9sxOpocZla6L+8xoYEeZk7ypGmo3bXrxPYamHs=","84mo45zCpT1kZCUcpVqMowCT9T7o5ZGioJk5EZZ8JGM=","qXHItNtMO7PBx7GE7DAFV7/uDl0e+sxSg6LRu/cbxt4=","zx5onmmMBVplj8f2d34mFzJ1O97vvPayTYHQz5vbjOI=","3CFDJ3xCKNTPUI6itVBVizMVCo5IW1rrZmFhWkS8ZTo=","hDUO8HBwAoB9FDDNYY2rSbKZV7mCyePgh1XcZ5WHniQ=","597xrnfDOPbsQ5TA07jWGX3LPpAG6jmsRKxap5KtO0I=","6WmeK3i33iTNajD7ZcKuXDED6NgPWeXEjdLEwrWZmc4=","k02o8kE4Eah66E8vQDGkqlqA85IoylS0Xz7/HdQi/I8=","FqHdpfRv3sNIZdcp8iwEfur5GwrfiMt59GbCKlTA/5I=","axAiRcpyiDig3wEk7jfsRMu6bJq0pQAVgSKjpHAQt58=","rX+sslhvxulmwATX0dFrAk9YBf98tHx6hdq9i0iJLKc=","rX+sslhvxulmwATX0dFrAk9YBf98tHx6hdq9i0iJLKc=","rX+sslhvxulmwATX0dFrAk9YBf98tHx6hdq9i0iJLKc=","rX+sslhvxulmwATX0dFrAk9YBf98tHx6hdq9i0iJLKc=","rX+sslhvxulmwATX0dFrAk9YBf98tHx6hdq9i0iJLKc=","aav1Akum39EpR5ZiYbpHJPn1p9vVH879wKQeUSjjbrA="],"block_size":4096,"path":"images/black-glasses128.png"},{"block_hashes":["fi1Goy4RaAdpmP8l0qiStesn40Fm5zBO187Cnz0kkiE="],"block_size":4096,"path":"images/black-glasses16.png"},{"block_hashes":["IOfmSi2F7Y1/cB/Pln5Zoq3OVOXsTCXoo66/UtnlU68="],"block_size":4096,"path":"images/black-glasses32.png"},{"block_hashes":["5sJ1XN9vaQyXIWdtWpmYpRGSUQPbqxfYButpvYYcrHg="],"block_size":4096,"path":"images/black-glasses48.png"},{"block_hashes":["gLN/cRlJntiQrbWcDH+YTyYdplPMyNfBXxnQcVGs6SI="],"block_size":4096,"path":"images/box.png"},{"block_hashes":["/X1vH9ewOqj4jLO0gf4fM7+i9VR6VDl4XmWPE2+G4og="],"block_size":4096,"path":"images/chat.png"},{"block_hashes":["8QzQcje3Sg60WUp0/Um5m9xU3ACilmesDbMubjNsLIc="],"block_size":4096,"path":"images/chrome.png"},{"block_hashes":["RulbgYmMlc0qq45FUHno8ttPsmetfiLnIl8iMvzZXX0="],"block_size":4096,"path":"images/close.png"},{"block_hashes":["zh3v5WNOm6mmisCvg3faaglup5Hw0HboLJJcASZeSxg="],"block_size":4096,"path":"images/donate-en.png"},{"block_hashes":["Evc3at8d3Gn79k0OvPCpy7wsbh6mxChsuiWN9mYY5UE="],"block_size":4096,"path":"images/fold.png"},{"block_hashes":["onK7vvJb4c19AW09D8s2Nq/HYvLocz8gKUwBmdORV+U="],"block_size":4096,"path":"images/left.png"},{"block_hashes":["vpySo1Y8N31oAOFHrdLZaauvMLtRLr74U1l4MYt5Hm0="],"block_size":4096,"path":"images/money.png"},{"block_hashes":["rnvekpRHzlPUPm48vQybD1q4gojwTOSRR3bzz6C3Q8A="],"block_size":4096,"path":"images/options-night.png"},{"block_hashes":["HM59doVBbrSS48OYAM9mDYWCka52mDpGZ5bavwVjJyI="],"block_size":4096,"path":"images/options.png"},{"block_hashes":["KFrlabAMtJNz87Ao0F/aLUrZrDJXV9U8IcmAztL7CaA="],"block_size":4096,"path":"images/others.png"},{"block_hashes":["KX6BUwWgIyI0BMTBbExZmqVrHpdcj786+FOWYFjwlsQ="],"block_size":4096,"path":"images/palette.png"},{"block_hashes":["Yc2SOOdcZkcW8I1eWWQ5qLiuwlddCSwrOTEP7PSVTog="],"block_size":4096,"path":"images/rate-it.png"},{"block_hashes":["9wd8ZV5qfb7XfkuRJhiDWJDa9PeUNYElkfP4K3iVPG4=","fUv6UnhENY6zt42Csj9ElUfL3catcvqHRhV3kuLu/jM="],"block_size":4096,"path":"images/sand-clock.png"},{"block_hashes":["wYTG4l0FRLtLJi0TXIST0z9ypO5GJXhyqKlRypJkMBY="],"block_size":4096,"path":"images/share_btn.png"},{"block_hashes":["B7WHCSm0jwFWpDSRwbReRX15zr1NcvV1iwGhPc+w/yU="],"block_size":4096,"path":"images/share_icon.png"},{"block_hashes":["9QPZCDz3sBCVSfmFi4aQ7gulUuhxVvOXd7gavJsqDyg="],"block_size":4096,"path":"images/shortcut.png"},{"block_hashes":["+tDUoiZx+B3PdABWjjqqTszJ55HqgBOVnqK20qxX6Vs="],"block_size":4096,"path":"images/target.png"},{"block_hashes":["lKXk8YwpOXZBF3eoym7MteWAHR/51h42NRrbmjUNrtk="],"block_size":4096,"path":"images/updates.png"},{"block_hashes":["8rCRAjYpbDoLowVGbj+Akp8VKEBAvh9SVoYBmOK8Rws=","uYwpa7qOqmhv0rSowJtAMbBM7dsArbKZwtQfE3F4ZF8=","PQWJDcyvgXM9RqfByc78Sdb1uRAOVActv1MlG49TevM=","XeGn6ooc5XnaXNTrfk7GLHXUZknXQ2kcDbAP1HZGIHM=","70jAE3S1sioNuIC2Dez/e6joGBPByD94j1sguaJGNiY="],"block_size":4096,"path":"images/wechat-pay-5.png"},{"block_hashes":["afV+vAnSpocKOfZw+XLWmbpCh1wS4hBh+KUMVikkntA=","sekyphQc8JxcdMxmYxXvwAuWZtb5f0BjXPUXladPRnU=","HtDBRwZEinUmhBwzUzrZZ3m5ee73UNvf4Zr+wzrLm8I=","OJABeQJ2xEBO3YEZLcZEQnz6ylw3ZRd+2EMN+p5rzSg=","fiWUWnyWzpAdJC1IVDapjnDC+ASz8E/QnIrIHnBX5d0=","gXShHTHW4Tkd75OwsXJl1nvmFYHRQ8poNQU91+Mw9BI=","rWVD3VTWk102f3ren0IB7CKvY5dJi4jUqWgqNUu9uIU="],"block_size":4096,"path":"images/wechat-pay.png"},{"block_hashes":["OYcTo00PK39m3hiBtwGMy1ft7D5qHYmS7gPTMou0Nvo=","5h30dytTdzmNwUd1vKCRoGP6ehRrr7wMw5K6tNSQ21E=","ADqfXC11wjKk1WASNWe1ui7Z8uFojn8gcyADmQXOxac=","jL6BDqAzlMj6M+CEsqcmvL6qsqtzywBh4iF0dghMpdA=","Nr0KEHb+KGubjudB4e/W2RJhJVZgPH1l725u5Ywjmp4=","2LzbwkHqi0VgEmuHOeA4iNsrLUQF2DjTCOVmXBlWSrM=","5GCh9NDdJKkkfcZR7HvVyc+9infqcXiPwgnCDiMq0TY=","BhJ7vax2/8T37PdoYQKgLh/kvucAsQjoU6BiU1Lchzs=","SPbgW/cPPrtGdosp0hA8ZLbJQ/vYarLEH3YJTAxdJyM=","Ksrd689qBZkeYKWwElxmDhD67VyXcTIiqbA/nR2pTqU=","ABr+KnQS2Aot34ogSCPE7a2qQ4DkYmYK3J4Hmlzdzck=","aUohy29fyzgb2iLOSqTUZkj90ushkz/Dp8HoLBFGdbo=","rGomTf76tChPhnKjzzybAeK/ZU67/HXVTju41KcZLmM=","RN4VNbvx1hmq9eIBXxGMW57ayfinZ022ULe0WFXnDAM=","IAZUZmZpJ1m3uz82HgQBV8irOGs0llzolg9b6HlFQN0=","1ruH1zwCtrWpnQhJ8lN2fDu4juihnotKSFP03Axr/C0=","mEs9auwrSQXe+YCpy0lKnlZgw84bWMcI1TG6b9ACXI0=","c14EII75bYTUfBGGtymSxPo1MN1pkjpyFKgzuZ53sbg=","YONCXJXUVhdmIXJN7VLcsGahpAV1rSJeg/nyWRap4Vs=","dhjTBjpNfAWdKWmjh/sfR2qz2e3UFChI2H1NIwHoHUI=","WDzeADryR1CIHkqwl1JUlwvr113jZHGYlQIs6dqkZJk=","XbATNgry4DvfUUEGB0Duh5hYFu/qvItEwsEiVE6/geI=","vQbn2b+hoFbmpwgAO5api5/JBW8JGbxU7xhNOHFAftg=","pw080UG/Lv8aLu9OxWJVmyl1+JJ90vz6ZmSLcJlpy8I="],"block_size":4096,"path":"js/bg.js"},{"block_hashes":["Ptt01Iw4k2ae2B/w27THrbwc0zjIvln1TUjILP1ElCQ="],"block_size":4096,"path":"js/consts/default-settings.js"},{"block_hashes":["PUJUkNqzyZWJ+5o7mD4/Db1e7OFTGKxMvNa+yFbkCIg="],"block_size":4096,"path":"js/extension/popup/about.js"},{"block_hashes":["GqnNYUDKez3aod8kfxkUXsKPkD2lq6nVkXQWovA4/i0="],"block_size":4096,"path":"js/extension/popup/color-theme.js"},{"block_hashes":["lYR8hz58oPYlHM2Mqjn2Zx9KuSTVpxZcBRUVIaXMwv0="],"block_size":4096,"path":"js/extension/popup/options.js"},{"block_hashes":["2iDpZvvb7lPWjIFsnrIRn3VYrnNL3TjX5UjgpoxpeKI=","WldAXm3ALcO3e7tBSXy4CkpF+LeX/TO40SBNe8onPoE="],"block_size":4096,"path":"js/extension/popup/others.js"},{"block_hashes":["4sIvc1s1Rf9rCXrmy7bPd+U1PYwqEnl7noUQrxCniSE="],"block_size":4096,"path":"js/extension/popup/palette.js"},{"block_hashes":["YvIILEMroarQNBCg9heUqfx4A5R0DAeSv6b0GOIfLBc="],"block_size":4096,"path":"js/extension/popup/shortcuts.js"},{"block_hashes":["MGkR0IugWfESuOr/anfWTcZdSuCXql/xrghnE/L63FI="],"block_size":4096,"path":"js/extension/popup/switch.js"},{"block_hashes":["TWR63qqPDYf+3DskwR6dCedNsQV6cZSpDy0flyV5EJA="],"block_size":4096,"path":"js/extension/popup/updated-remind.js"},{"block_hashes":["2uOWaPpsa15mtwSMle8EITom2VaRnP5w//r4ihIA5Cw=","W4nI1KPGUg5k1TpKAnZWQuk9CmZBaOZd4NiGRd5igNI=","m4WPGDud6hUWxKrlHT2MivR5n0KfWpbA8VmYn3W9Pi4=","EJY7ERGPTWpdZqyKhBG+kcuZEhoPSEJj4BFrji2flpk=","z5we3TfuYRWjOqEmhIgLSEyloHII6njt8cneX3E+Dg0=","jvzDGh5BK8AkqnXGnQz5SUVx71ctNTxc0B7kUdEimPs=","Z4W6JI7ECldpvOqdIqfjCtvECg6jgC2o1wq9Ay1sB6c=","mumeMv4blOU5qZp+tG8H4CAQWn/TpOL+OpyhPc92zRU=","mFayg8Xfizc34pIcRyA9tRU5ynbpJvosG7qZzrW5rw0="],"block_size":4096,"path":"js/external/wb.js"},{"block_hashes":["hWgUl1wFU/nPmST6e1HwmPwZ/ygomyWQBUAQy55joKE=","DA99keUBJ0Pm8CJbxUlE+4wN9WBWU3mPpknkMp2jK/w=","2hQ1nMQdDy0A2B+z9SEh136lD5gaOx+dde2w0E5Lwxk=","rM2dDe098j57yulgZvI4/xVy7iaVSjrrmK1kEe1JIRA=","K3jfuX6lC+7wLcm3BUwf2DGscx6N1KIhN/K2+FqHPqE=","/CGwdygQFMmAT4OkdV1z9K2fwFz5hmuPTs6eLpwSNcI=","Ea/etlkguSUAHQAjKvIjrumpLqg7ml0Yud0zh0w3Zog=","o/4hxPiEBzerj1835bH6TM/3X9VXpjHG2s/Fmi76k/w=","s7zZZhDjobOkwUGoGY7yPsSZqt0z7B9PzjH4Aek1rgc=","BkX55MZnJlZKHtpSEwTphZ6AGnRe08bmUynEQiOPqFM=","gPTKw93RGrxeHS8qY4dHydKt6oYK+YGKwgv5+ftwWP0=","xFrhqIdgvQTXXaQnGZMkm5+z66SWaEoYsVgBf08ZvSo=","lwGXXMpjrEl99S2XMyCXC5zjhC325USHimhKUvif194=","HxmsrsW8TKKD1NnMB63PVnfUaRDJ9pdNw4rKxGV/otc=","N9tBVaVQk+LX8wPo57f3e6Wf6BswA7Yb0zO6J4U5Byg=","ZriaTtMukNzilyk39gOcYf9jWbNTB59wNcn5htmhcpg=","GYL8fAy6qnX5GeWC0vfZsGsE+PTd6P2zdmj0lcc5xK4=","/PakgPsjivjel6+qShnb4tIvNJSR7agY5ihMBMXLk0M=","5f0ehOIbhWTDEkvWRpzbdcPGVouRQ/P7SBAGQsLxp5w=","kzHfdZhGG8WxI8ooQtrLUrO6QC7Uf3taXSveEZhNHAQ=","D4bY+aeWJ3xM1rWEEHorxy3X9SSUGTypBQjSQ9nbs7k=","Bg2U0FqYY3IW1R/AWRZrUPPujUIYt8A4lcPai9PUnuI=","810oAn23Vig5LljyNO3+yBTSmiHy5hqETVckBNCZdL0=","bDfY5YA5vuUfbkqMbXSLHU3k1gI5rQOHlfVD+pstPSo="],"block_size":4096,"path":"js/inject0.js"},{"block_hashes":["iIhwXv8M/IzCoMz9B/SwQhv4Tz5RHn+1vpEXeH1koe4=","AeJgA0xR3QTRRhHDpsATMAWX/HfycYIB64Jgkla5ml0="],"block_size":4096,"path":"js/libs/Cacher.js"},{"block_hashes":["9bAEdiEBQaIg4J5o2SISNwHMCGZDWLFnV/8Hpzb3CH8="],"block_size":4096,"path":"js/libs/color.js"},{"block_hashes":["xugWrR4HgD2O65ohzpAQOCpRlm5T14CcE97kQRyFhsw="],"block_size":4096,"path":"js/libs/fold.js"},{"block_hashes":["y0Z6UF1tvLTJCuqs3vJZpbPhNmGl9Qm39tgc4VCj2Xg="],"block_size":4096,"path":"js/libs/i18n.js"},{"block_hashes":["MQxXq7HJQhf3zjomQwFx4R/uiY1yf0ETqg5HLLoL4SE=","SjohO9TQFOBv+m6DKHtL2kL72vfcz58yyjxniupeld8=","kwZFpFs9rZqlGmUQOtfsUZv1qGTyrRethM8wjSLWnt0=","wrtp6Lb4YZi/IxN04j0xDMXE/nF8QuSsW6PyX5iinxE=","sjC1PNEl4oFd9N/9bm35flvUVro1QqocRqAifYP5wHk=","K0M47p2tmV3zl1tQnd5WjqsojaclhuoEKlqBggmG46Q=","4qos3RoaYc3leC9b3PIAn4/bN066U897JNMlM17waP0=","oahSR52+hLpe9zao2fhAMwlVuyhrDpdDpEf/6n8d4eY=","desRizy1579zrK6mtq4fN+8rFnFI9Q4s4iyw/yQP6v0=","xtbG+2q+vOKnVU1P3Sna5kzQQmPg9ZzGPl4LTX2gJ0Y=","t+WrbCav+fXRgTSUCFa2HsZLiAXewl6E2ydfIYx8ns0=","P1cbuNzK4XE+6Y8Qv2mVymOwDPWsdLYrsh6YagLJMlk=","wEF8Sqq+zKJuAZer4Sx074uAKStN7aYjUqrKs2FSq90=","u1UBDBkddj2vhz8a8vVI75q3I1ZG03cJCfBm3ya62BU=","k3rS4+fEquERWJqMXd06QepCJb6ScbeaUT+7T9s3McI=","4WSgtyNooZSu1HEtQTZOrKko5klkg0BLlsSTwNgJykg=","flWikqkfggty62IXa+O3HEn3Wr7KmuV/zblgj2cVb7s=","4uHx2pvbvge7yu+IpohOlO0kh5zQt6Bz9Aoz4IgVHmU=","cRtT5H5wEtIVrvsycTLCdbjGud/Mt8oc30FwEYILDEk=","9yoJw1k44GQuc0O7VfAY/7b6nIkmT2WzOX3dK4HffIE=","f2Mid+jdnzi7uMpmFlO4kr4BVt5M0PNmycEWT4sVJIc="],"block_size":4096,"path":"js/libs/jquery.js"},{"block_hashes":["SqLIjPOcBfdIaEcjawKlHk2/fYdR3EXk5PzeGYBqq6A="],"block_size":4096,"path":"js/libs/jquery/fold.js"},{"block_hashes":["TiOuLPh6rOSPW/qV1Q/XdDhvCzY8InLDiTJDUnSytMA="],"block_size":4096,"path":"js/libs/jquery/i18n.js"},{"block_hashes":["CW65NryTAcHG+oZxXrMGvsGxaNxb62m1PNSoG5y2oaM="],"block_size":4096,"path":"js/libs/jscolor/arrow.gif"},{"block_hashes":["An2cZxHDLQygLotcKDFxW2aSPw9qDEVGoBWzBWWLE9A="],"block_size":4096,"path":"js/libs/jscolor/cross.gif"},{"block_hashes":["Zgc2jihaK9U64WMswo/sv3GEBnFoI9LmmAK54KHZ1+g="],"block_size":4096,"path":"js/libs/jscolor/hs.png"},{"block_hashes":["OINFcBPbm/3s29euZwwkvfoXGEOn/pSrBIQIat70yPI="],"block_size":4096,"path":"js/libs/jscolor/hv.png"},{"block_hashes":["QH0Gc/IcXU/38pBqWWgVueiHlaciC59FHWYrdO6XkHI=","zEPvP9/7mSFARpldqYXUAw4nMxDK6L+seM/89jHBUIw=","6kXasXYQDWcdG0CC7AoOL4AcciOrbV0CIXPpdaFr7cc=","h/jJguqiEZitSVRCn4Yoh2bvP1T+dy1ItNbue/ZeX3w=","N4SZ4xv53vu26MHnwze6iwE0gXT3OgsghnNYo6kQJXM=","t5hpjKugEiWsWgzexU6mXy/sedMSlAHSaevxLwSa5H8=","wt8SFl9NbpjqsgIeNv3gp2D7EZKFuESj+kwPaZZSmW0=","WRo8JpmFpges7kDg50OH6cnbvpGMMoIymfWs06YEGYo="],"block_size":4096,"path":"js/libs/jscolor/jscolor.js"},{"block_hashes":["ZEB20XmmNuTy2+5LJfz3RmSPREYMjwMvA104jrcH+4s=","GEMEg35ZIbvLUarR/4CIpLEBCBvQezL4lARgARQgJqk="],"block_size":4096,"path":"js/libs/shortcut.js"},{"block_hashes":["L3ih8S7o+/ISXoq6ovjqeveCGRiI1bUSOdtyJdHwS1c="],"block_size":4096,"path":"js/libs/url-handler.js"},{"block_hashes":["qPcDcMHmOMcqshquRmHrZQBKdzS0exaN3NEa7umdzek="],"block_size":4096,"path":"pages/color-theme.html"},{"block_hashes":["PtWi1AmkIkNnVAcl/umIcFx5gLc8vH3WXJ+L1hu+ykM=","ZbdiOm5Sb/rWSx4cZoFcPRhuCtC0X2Z0FD3OuUJBiRo="],"block_size":4096,"path":"pages/en/about.html"},{"block_hashes":["ZvjXkETaxX/dEGsmybjctDwMb6uWYrJ26cby+P4X2T4=","FFfCq7T3rctSU7QxO1uopozZLhZT8sBh6ry157GFntQ="],"block_size":4096,"path":"pages/en/options.html"},{"block_hashes":["gveQUPRW6iUigvcnOHkmiLsi8/Cb/JPe889bnb9svRk="],"block_size":4096,"path":"pages/en/palette.html"},{"block_hashes":["Mj25APuxB/rX4iGXHGYf261P+NCf+IvfTDb9+g2c0Ws="],"block_size":4096,"path":"pages/en/support.html"},{"block_hashes":["P4FIMorNsg/7eEZCoqfzykdmwLyFYDkUCKWGgXdLN8w=","UIc47v6+5LlgADw8E9KXv8cB6B5tVPKBFJuxidxoCHo="],"block_size":4096,"path":"pages/en/updates.html"},{"block_hashes":["m3lm/qv3TCjckatXYTQW7DFiLXD/7ZkuMhKvV/mRNdI=","K8PS/dtheR8SnayEoX2GELvUc92L96QN71Mt3grovYk="],"block_size":4096,"path":"pages/options.html"},{"block_hashes":["nBU7t0TuE5ejCKjPDD5Xf3dFyjTidnhCAsRVr23lNPY=","yIMjroXi3tl39Y6LIuB/Rn7sXoBTEfqNRZ2Zy1Ei/WI=","1Dzl1rinarMbUm5zfHGl1o0JthQ6pX9xSsiFhMhUdPk="],"block_size":4096,"path":"pages/others.html"},{"block_hashes":["5HzDRHPiZc5Is88PwY+lgntuwzj++7p8kkDMQya0jTQ="],"block_size":4096,"path":"pages/palette.html"},{"block_hashes":["nAxaqYSlA1ylqFIbxANb6vQs9jcHDuuT5316CGiVDg4="],"block_size":4096,"path":"pages/shortcuts.html"},{"block_hashes":["3B6GVjgO6QhmnewJ6Un/1mZzmrK08CYxeHxyk3tA1ZY="],"block_size":4096,"path":"pages/zh_CN/about.html"},{"block_hashes":["rvNNbUh+ZL+3OjKsY6GZ86yiO1tB0Or/2Fd04bXVd5o=","5J5DdDo59KM43tMklFZJGmhlXLiSw/PIrFWW7MhudB4="],"block_size":4096,"path":"pages/zh_CN/options.html"},{"block_hashes":["WFVib/aE3UpVY6Rsl70HxqJvXH5I3MTaarrnJYjQixc="],"block_size":4096,"path":"pages/zh_CN/palette.html"},{"block_hashes":["hS9Q8JJAZyk/3s3gIdtSE9s7076NTg+fZY4bQZLppec="],"block_size":4096,"path":"pages/zh_CN/support.html"},{"block_hashes":["DcB+a80096ISxHS46sPF6zXIadb7gXnlYjZhl46dI9g=","2YZpbtwTmWdU2UlogYWJlT2awfE5Ix5vq+3h1TpwD7E="],"block_size":4096,"path":"pages/zh_CN/updates.html"}],"version":2}