{"file_hashes":[{"block_hashes":["BvQqD8WRJ3WbhsfhePOhIVkF0nCFtcwLU258OGxJAak="],"block_size":4096,"path":"css/constants.css"},{"block_hashes":["CLJDgLC4RsJw3J7CD8OMrPp8vgDantiDZewDsr1Kjtg="],"block_size":4096,"path":"css/popup.css"},{"block_hashes":["jgUFHlNOIEV1wlJ3d8rwnwvjR+k4beGgYV9dmX7xxu0=","XeyF0QCzDWaNKRTsc6GZLoJe6y/W+VZYxDZluycIlEg="],"block_size":4096,"path":"css/single.css"},{"block_hashes":["bhq8O++I+axVoL4t8YjHIAwh5x4OqtP8tClBKaaIkQQ="],"block_size":4096,"path":"footer.html"},{"block_hashes":["tQwhDX1N1A1CFnnFacJnPGLAzkeSgpxfNEkrzBokV2c="],"block_size":4096,"path":"img/close.png"},{"block_hashes":["eEXWvj7oIUTO3KyyBo7rDactPqcPYtuOXU0/cO0vgEI=","b0vW1TdsJsBSvEpp778X9lNiKymWRvwJElwuiW01cM0=","6K0tTXfmKUYpeH5G/wiSFHSmGX+J8wk6MYDJDlORcT0="],"block_size":4096,"path":"img/flag.png"},{"block_hashes":["xAnJMSDcQKZrONscCF0MM7lUtL8Qbqo4gB0N7hFInQY="],"block_size":4096,"path":"img/h.jpg"},{"block_hashes":["H5nap26+8Xm750/SvV7XnpNItKVEm417DjBpBFvps1U=","jfcKTeayHjBic3QD9D6YeTMGmW7xagE7GxvE3/tjXnc="],"block_size":4096,"path":"img/ifeng.png"},{"block_hashes":["fjIhdo59vru85GnFdhxepAVUIvYGmvUGCpPwv/z/k0M=","fiIa4xxo0aiTw4OJN1DZXhaGBCQQP242oz0ThN3Cqp8="],"block_size":4096,"path":"img/iqiyi.png"},{"block_hashes":["v/ZpMsnSqwmmF6sDu52qWdjqAnk/1oSfsYStn8c4lS4=","CDQvvO49r2UBbgyja5rNs3fmJyj4nfncMOoZq0F7jMY="],"block_size":4096,"path":"img/jd.png"},{"block_hashes":["s16qoFVT+YB3tRy2JWJW/rO9CxfBt6kEoh3kNCDZGOo=","BgsTLDghOFvOESSQVDblRt14fjAknu0b4tsVLWWT3Vw=","SQGYUKDG4MmukbgUQIk0VXUk/BY4F+KaeTz/LMfUdgs=","xO/cuhMPQfP04xfoV9pjberGxIX0nVba+K9QGtI57No=","LajSHsrEQ6fLzi4aI0iY0y7alaax1SHS3hBCcdBtszU=","pTUa9kkLeT5rjcTaPdc3usAfzG2DBItNS3vCVnEpBrg=","jfuLJyhTGSBCVn14BlptLsy3yPrNlShJM9xmzFNyMHc=","toJTwZTNDAJ/9ievw/UKBHA8p573XNkzyvqjJplVXMY=","R8bD9KD6ozTiRrh8I1jHDsj5NeO2+PxeGwvz3vwyNMU=","wc2/UYlGo9PHFERmnxTquFRJ4Ho2Yfn7uc0CC93EDmM="],"block_size":4096,"path":"img/qrcode.jpeg"},{"block_hashes":["37M+MwJaIodazxiG9mlYJu/VOVoYtt8U9d6uDVUZWyM=","yf5QzdEbkssKn5JhQ0HZpf/tpO0NibgaCg22qEwf2ec="],"block_size":4096,"path":"img/taobao.png"},{"block_hashes":["xhCAEKmLsOlgk1KyoQsv0FuPBj2SdkqQ25Lf+09qTw8="],"block_size":4096,"path":"img/tmall.png"},{"block_hashes":["axib6cMt/QRN4G6BulF2MjxDZOT7Uhj6VvQyTxJDGmc="],"block_size":4096,"path":"js/background.js"},{"block_hashes":["KhkNbF6BRQhPhNFvqy/jMH6N7JQ8Lgo49yM8C25h0nw=","wOrLSQ6vqHokJZZLvGfspkm1aPrqkJOqd+G2g98HZ3E=","Wkx9yKkfWwAgKmlfZEoH/BTYiq/8XFzS9gAWms5NSWM=","MMnjyHNOFvRuF6USllnSxs3ODKzx4HYuMFxCipDeTCw=","5GdwEDtCJ2gRnthyqquDJxcV3isvuqlm8ISxuGjZYG4=","LRjEaEvl1+3EMCZZnmOSQ1Nwu5mSt4zkCfRB1kbTZEs=","NFPXtPct57SXOETnYwK9y2iv6r3ZgVRmhpyWPKR38o8=","wtCEoVWufpPA6HwGXAdQaQncVm/1fJWD/FXrld9h2IQ=","Aw2paueBVczW+eUAM+9+RmDvUH5gsigXYTK7PS7mcwU=","zUGLV3yU0ViFB5/T01Y5sWgSKbc4ZOSzvoF14obTIi8=","Bd6FrzWIrMwBGpvJ85jn8QgvT+VdPGwbUVakVatnuWo="],"block_size":4096,"path":"js/content-script.js"},{"block_hashes":["3vsiff++E2xnVvv+ThaVKGBbxunbNA2PdHTCuU0o5eQ=","BzmTxrnMgb8WpgmnY83lh8JQPkWKtbDc7J/048loHkY=","qYfme66ClXTB6Z7zFI4KpGDBSpoSqdCrMdMbsiEqx1s=","CNAXFhDHhiGcAUDZqqmWZ1RYLFplZEH55cQ9Cly2T2w=","DcMsN7AdGHTbvXPTnCQDoRPTKbtJhhzr8IL8rj4hb7A=","eErRcfztvDNSUruvCzmn/zG2pdmvJ0URTg9QkmLJIaw=","lIv6OqKXVfxm48a+243mNcufCm0eWDmeWgLYotqx5ZI=","PBG5LWyxudDr49UtAgamEZd4pdUVH/SX2U57q/qVkOg=","PzJcLdvHFCYh1mQXoJU7uoAZ/NAL8PcFf4ARTHu0wkE="],"block_size":4096,"path":"js/fingerprint2.js"},{"block_hashes":["d3gPiaaHyeK3N/aVlDEAlw7G7RAbQKNVU/x34cZtD1E="],"block_size":4096,"path":"js/footer.js"},{"block_hashes":["RwYBbFkZCFwM54buMNrEl8t/EyoHaiHN2qGEZxhqMKo="],"block_size":4096,"path":"js/global.js"},{"block_hashes":["F8d5nWvNAxJpCfMHGivWryeyhSx1JB++45GSjXgSYS8="],"block_size":4096,"path":"js/gs_content_script.js"},{"block_hashes":["MYwgjySKvBTfYrkKtGJ91TSFQZGfpA1Oob632cJGTms="],"block_size":4096,"path":"js/gw_content_script.js"},{"block_hashes":["88GbL7jF8DwJnHWBkZO7Wva/7VX4Br++MOTFLpGufqs=","aBBGwUEKdcJlbsDdJQykotUrXd1Fu/8ULnpKvB95fUA=","eYS0oZJ3WalsPvjGXKlHYHH1EHCnzCtmrGnKEyJzQUU=","RGP9MxZ0rg8IyQ/T2Z7/VW4DHfGCVSA3nehzzLjemK8=","VdzPmwiiyn2zPcox7nYZ42GdUEtrbFIwpL+lgAYqyoA=","wvqfxBrhIvLUtGqMKrgNHpqsaMWqbywXa4qxCkNLOIM=","A+vzXZs8N7eBUhIveXjPDcfnkmktAe+/rluCMqjHv9Y=","Koy0u5fBPaUodI0jscYEbm3BXTKQxcnUc3HnaozPXkw=","JLEOOumMQ9qL2hn6zqYtuKsOv+/FqWO/JvghPkkjriU=","5IqeThBmIYwJVrduy/z5Vc+BZwmC7+PhjS4VdyuvkJo=","0EGrXx7sde6MkJDmbgYSlIEyMNh+fVt0xmUr3g0mbaw=","KlgtKkVPuK6GRG6zCTYyaJJTp27nZiPbHvYLP5TtlS0=","CSeLKn/89+wDXp8bJQYl++eexWsR0SIS51TgGL7iLxA=","Vhjrd5nEftg7p7hCaPErqOiH6pHSlq/A+9iYPW8ze24=","opDpUE6WDWX7sj0I7MBoG1QUDOjRSl8TXROWQo2Q1IA=","rHUkp/vMJfxurB4A5EKLcDyuvULCAbgIx7qkhTqWpcQ=","vqCmxi/u1hXhF6b8KOJjy98e9e597EbQu4t080E28lM=","HGLz4iPmqZ+iufCnpqcuW+dNofngKit+ysdtPptwA5M=","15/oUG9k6lyRb604aJxEwYqEVBZnPFNgxMOAohBXVVU=","ZvuOc6h2WYBQlzceODutYfEEk87ETFdzN2Grq8CxwIc=","JGekOSWFtNUeMGiZ3cmL2brQ7CQChdcMKjc1NBoVrRw=","R/SSCxJlO8BUtkDiyyDyFtz4A86Bn10Q+w09VVJZ3VQ=","BKFnoYdUuGgi2UUrzD8Lc19UETIpawFmH8Uf+gSNQQo=","Y+Zs3CBjxPTnTOb4uoD2INWeYAx3A8RYkt0KPzVrULU="],"block_size":4096,"path":"js/jquery-1.11.1.js"},{"block_hashes":["2ZI1E7+VT8gEZJXJaAJ1urTmaHyoZCh2DyaOBTf1uuQ="],"block_size":4096,"path":"js/md5.js"},{"block_hashes":["c1EueIvI/5PSTkp6JF4oV7nqwfVDNjLCIgcwxFNSd58="],"block_size":4096,"path":"js/nav.js"},{"block_hashes":["qic+oYtGpZ33ugPhfQggzaKUFKyjXc56Y/7k18xalSM="],"block_size":4096,"path":"js/popup.js"},{"block_hashes":["CiElhX08NGzfn9RFW8Bjjlm6RavxpP0nikU9Ia90gpM="],"block_size":4096,"path":"js/serverreport.js"},{"block_hashes":["VPGfiDbr8LW/vSboK/WB/FGrnW3YDuCA4J7rms3IuO8="],"block_size":4096,"path":"js/single.js"},{"block_hashes":["PqmGSj00RVtXvCWx2RTeYSFDNB9Uj8hcE+9micy7SG8=","XxwvWeIyFE+6todgbtVrifqreIy9xJNAizdKtWbdWVo=","rZqNI02XUpLf5xrQ0Ax1MwsA8bDLA4SVDAgFhYV/pyk=","qjPdQA0hcvECcLmHczSLXIDCoWre87WpblZE2O+4u9g=","Y4DIUSrNSdKVuDpEm0VO8blfEvrrVM+UliFTw80eWGg=","nbt0XsaA6BY4L0Ied84i4cKCEr8LHRbnUIcarhEpI2o=","V28IjrpIozBublOz6EsCFK8J1OCYO8I87REBL9fpdKg=","+NggyCrDYvNWE4xAYqZOUfCo1LUvbzdLll4/AjC6eQg=","HnUZss+eIwHGqH7Ygnnlhgtorw6iELighrLft1PI0oU=","JfjUiTl6NqPE00bAHR/DeKGh/FEdnHOL7yyUSgeZavU=","7/7eMqZnHKJ//AkpIitZuhaGyaeRpFtjyn9AfV+U8sI="],"block_size":4096,"path":"js/system.js"},{"block_hashes":["04nPGEmthdpbFgEXBevTxOZlokNn793DBgBBhYbYMZs="],"block_size":4096,"path":"js/updateNotify.js"},{"block_hashes":["cSRCZbCQJ/jjHazb9N+QibUlGINqxa9EjSYQzcNEY30="],"block_size":4096,"path":"nav.html"},{"block_hashes":["UaWxhPC4o9SfLfedhMVlo9nPg2ppkSffzreqiQMOWNU="],"block_size":4096,"path":"popup.html"},{"block_hashes":["HfhSWHucbmcitPqqNyP+WGRE9n24IutyBnoQp3zK0D8="],"block_size":4096,"path":"updateNotify.html"}],"version":2}